年份(Years),月份(Months),亞洲總計(Asia Total),香港(Hong Kong),中國大陸(Mainland China),澳門(Macao),日本(Japan),韓國(Korea),印度(India),越南(Vietnam),泰國(Thailand),馬來西亞(Malaysia),新加坡(Singapore),菲律賓(Philippines),汶萊(Brunei),印尼(Indonesia),柬埔寨(Cambodia),寮國(Laos),緬甸(Myanmar),斯里蘭卡(Sri Lanka),不丹(Bhutan),尼泊爾(Nepal),孟加拉(Bangladesh),巴基斯坦(Pakistan),蒙古(Mongolia),東帝汶(Timor),索羅門群島(Solomon Islands),馬爾地夫(Maldives),賽席爾(Seychelles),吉里巴斯(Kiribati),伊朗(Iran),伊拉克(Iraq),沙烏地阿拉伯(Saudi Arabia),科威特(Kuwait),以色列(Israel),約旦(Jordan),敘利亞(Syria),黎巴嫩(Lebanon),阿拉伯聯合大公國(United Arab Emirates),葉門(Yemen),土耳其(Turkey),賽普勒斯(Cyprus),阿富汗(Afghanistan),美洲總計(Americas Total),美國(United States of America),加拿大(Canada),墨西哥(Mexico),巴西(Brazil),阿根廷(Argentina),巴拿馬(Panama),哥斯大黎加(Costa Rica),多明尼加(Dominican Rep.),瓜地馬拉(Guatemala),宏都拉斯(Honduras),海地(Haiti),尼加拉瓜(Nicaragua),薩爾瓦多(El Salvador),貝里斯(Belize),聖露西亞(Saint Lucia),智利(Chile),委內瑞拉(Venezuela),玻利維亞(Bolivia),哥倫比亞(Colombia),厄瓜多爾(Ecuador),圭亞馬(Guaymas),巴拉圭(Paraguay),秘魯(Peru),烏拉圭(Uruguay), 歐洲總計(Europe Total),比利時(Belgium),法國(France),德國(Germany),義大利(Italy),荷蘭(Netherlands),英國(U.K.),西班牙(Spain),瑞典(Sweden),瑞士(Switzerland),奧地利(Austria),希臘(Greece),俄羅斯(Russian Federation),挪威(Norway),丹麥(Denmark),愛爾蘭(Ireland),冰島(Iceland),葡萄牙(Portugal),芬蘭(Finland),烏克蘭(Ukraine),克羅埃西亞(Croatia),愛沙尼亞(Estonia),立陶宛(Lithuania),拉脫維亞(Lativia),斯洛凡尼亞(Slovenia),斯洛伐克(Slovakia),波蘭(Poland),捷克(Czech),匈牙利(Hungary),羅馬尼亞(Romania),保加利亞(Bulgaria),大洋洲總計(Oceania Total),澳大利亞(Australia),紐西蘭(New Zealand),斐濟(Fiji),諾魯(Nauru),帛琉(Palau),馬紹爾(Marshall),非洲總計(Africa Total),南非(S. Africa),埃及(Egypt),摩洛哥(Morocco),阿爾及利亞(Algeria),突尼西亞(Tunisia),肯亞(Kenya),奈及利亞(Nigeria),模里西斯(Mauritius),史瓦濟蘭(Swaziland),小計(Subtotals),總計(Totals)
97 (2008),1,"548,240","216,776",374,"69,871","104,753","42,596","1,705","22,308","26,653","13,570","16,645","9,111",88,"15,714","6,049",0,"1,497",0,2,0,0,0,0,1,0,0,0,0,359,0,0,6,95,0,0,0,3,0,0,0,60,"60,422","54,700","5,722",0,0,0,0,0,0,0,0,0,0,0,0,0,0,0,0,0,0,-,0,0,0,"17,383",0,0,"2,390","1,264","8,119","3,385",0,0,0,"2,225",0,0,0,0,0,0,0,0,0,0,0,0,0,0,0,0,0,0,0,0,"11,386","6,824","2,394",0,0,"2,168",0,0,0,0,0,0,0,0,0,0,0,"1,274,858","662,847"
97 (2008),2,"665,104","259,884","14,537","95,056","110,058","43,280","1,909","28,883","32,886","16,044","17,901","12,293",365,"20,411","8,582",0,"1,142",0,"1,539",0,0,0,0,0,0,0,0,0,0,0,0,163,0,0,0,0,1,0,157,0,13,"46,218","41,918","4,300",0,0,0,0,0,0,0,0,0,0,0,0,0,0,0,0,0,0,-,0,0,0,"19,688",0,335,"3,783","1,175","8,171","3,716",0,0,0,"2,501",0,6,0,0,0,0,0,0,0,0,0,0,0,0,0,0,0,0,0,0,"12,020","7,241","2,026",0,0,"2,753",0,0,0,0,0,0,0,0,0,0,0,"1,486,059","776,687"
97 (2008),3,"559,507","228,301",0,"85,057","92,266","35,240","1,341","25,733","31,086","12,951","12,955","8,301",0,"16,776","7,572",0,"1,312",0,102,0,0,0,0,76,0,0,0,0,0,65,0,3,215,0,0,0,1,0,0,6,148,"48,615","43,628","4,987",0,0,0,0,0,0,0,0,0,0,0,0,0,0,0,0,0,0,-,0,0,0,"18,875",0,0,"3,367","1,123","8,087","3,190",0,0,0,"3,108",0,0,0,0,0,0,0,0,0,0,0,0,0,0,0,0,0,0,0,0,"8,091","5,329","1,023",0,0,"1,739",0,38,38,0,0,0,0,0,0,0,0,"1,270,252","663,305"
97 (2008),4,"647,556","258,031","2,370","99,568","129,430","37,234","1,212","26,861","33,977","12,674","12,951","8,658",0,"15,493","6,342",68,"1,437",93,713,0,0,0,0,45,0,0,0,0,0,0,1,7,349,0,0,0,1,0,41,0,0,"52,624","46,065","6,559",0,0,0,0,0,0,0,0,0,0,0,0,0,0,0,0,0,0,-,0,0,0,"20,119",0,0,"2,784","1,284","9,391","3,666",0,0,0,"2,994",0,0,0,0,0,0,0,0,0,0,0,0,0,0,0,0,0,0,0,0,"8,495","5,124","1,401",0,0,"1,970",0,0,0,0,0,0,0,0,0,0,0,"1,457,588","769,832"
97 (2008),5,"611,833","255,719",37,"85,157","124,440","27,733",850,"28,226","33,896","13,087","12,414","8,649",1,"16,737","4,122",61,536,0,15,0,0,0,0,0,0,0,0,0,0,0,0,3,149,0,0,0,1,0,0,0,0,"50,868","45,119","5,749",0,0,0,0,0,0,0,0,0,0,0,0,0,0,0,0,0,0,-,0,0,0,"21,652",0,0,"3,378","1,355","9,622","3,308",0,0,0,"3,988",0,0,0,0,0,0,0,0,0,0,0,0,0,0,0,0,0,0,0,0,"7,157","5,073","1,362",0,0,722,0,0,0,0,0,0,0,0,0,0,0,"1,383,019","733,000"
97 (2008),6,"598,194","251,685","2,999","78,382","119,692","25,349",774,"25,107","33,497","16,055","13,426","10,142",150,"17,132","2,656",63,383,0,529,0,0,0,0,4,0,0,0,0,0,0,0,2,0,0,0,0,1,0,0,0,166,"56,485","49,530","6,955",0,0,0,0,0,0,0,0,0,0,0,0,0,0,0,0,0,0,-,0,0,0,"21,257",0,0,"2,581","1,764","11,033","2,636",0,0,0,"3,243",0,0,0,0,0,0,0,0,0,0,0,0,0,0,0,0,0,0,0,0,"6,830","5,265",650,0,0,915,0,0,0,0,0,0,0,0,0,0,0,"1,365,532","726,563"
97 (2008),7,"684,286","274,405","21,949","77,167","143,940","31,254","1,192","26,275","37,572","17,081","19,205","12,942",168,"17,045","2,292",130,780,0,149,0,0,0,0,403,0,0,0,23,0,0,0,3,0,0,0,0,0,0,0,0,311,"59,041","52,247","6,794",0,0,0,0,0,0,0,0,0,0,0,0,0,0,0,0,0,0,-,0,0,0,"22,311",0,0,"3,322","1,288","10,197","4,155",0,0,0,"3,323",0,0,0,0,0,0,0,0,0,0,0,0,0,0,0,0,0,0,0,0,"8,017","5,614","1,131",0,0,"1,272",0,0,0,0,0,0,0,0,0,0,0,"1,547,284","838,607"
97 (2008),8,"605,077","250,006","28,335","73,604","110,875","24,702","1,154","21,563","32,195","16,624","15,155","11,068",0,"14,528","3,009",528,745,0,547,0,0,0,0,1,0,0,0,0,0,433,0,4,0,0,0,0,1,0,0,0,0,"58,305","50,293","8,012",0,0,0,0,0,0,0,0,0,0,0,0,0,0,0,0,0,0,-,0,0,0,"18,850",0,0,"3,349",954,"8,215","3,599",0,0,169,"2,564",0,0,0,0,0,0,0,0,0,0,0,0,0,0,0,0,0,0,0,0,"6,420","4,310",745,0,0,"1,365",0,0,0,0,0,0,0,0,0,0,0,"1,377,304","761,432"
97 (2008),9,"522,627","220,795","25,663","65,419","93,112","19,618","1,419","19,886","25,035","11,200","12,156","8,940",63,"14,874","2,472",365,460,0,342,0,0,0,0,383,0,0,0,0,0,190,0,5,0,0,0,0,1,0,0,94,135,"45,345","39,703","5,642",0,0,0,0,0,0,0,0,0,0,0,0,0,0,0,0,0,0,-,0,0,0,"22,020",0,0,"4,457","1,286","9,405","3,691",0,0,0,"3,180",0,0,0,0,0,0,0,0,0,0,0,0,0,0,0,0,0,0,0,0,"5,332","4,796",0,0,0,536,0,2,0,0,0,0,0,0,2,0,0,"1,190,651","657,988"
97 (2008),10,"590,938","253,255","26,310","75,957","117,002","25,598",916,"19,975","20,084","10,532","12,615","9,594",306,"14,596","2,284",255,725,0,605,0,0,0,0,32,0,0,0,0,0,40,0,7,4,0,0,141,1,0,0,0,105,"37,194","33,123","4,071",0,0,0,0,0,0,0,0,0,0,0,0,0,0,0,0,0,0,-,0,0,0,"17,834",0,107,"3,610","1,133","6,740","2,825",0,0,0,"3,419",0,0,0,0,0,0,0,0,0,0,0,0,0,0,0,0,0,0,0,0,"6,524","5,529",0,0,0,967,0,0,0,0,0,0,0,0,0,0,0,"1,304,953","732,191"
97 (2008),11,"475,881","199,105","22,575","61,787","91,480","21,811",810,"19,966","15,874","8,766","11,144","7,422",63,"11,041","2,566",0,712,0,112,0,0,0,0,0,0,0,0,0,0,249,0,0,0,0,0,0,1,0,0,0,238,"33,880","30,936","2,944",0,0,0,0,0,0,0,0,0,0,0,0,0,0,0,0,0,0,-,0,0,0,"13,685",0,0,"3,203","1,036","4,647","2,659",0,0,0,"2,140",0,0,0,0,0,0,0,0,0,0,0,0,0,0,0,0,0,0,0,0,"5,833","5,213",0,0,0,620,0,0,0,0,0,0,0,0,0,0,0,"1,058,399","583,775"
97 (2008),12,"463,800","183,208","43,595","59,568","72,799","28,707",974,"20,480","10,242","9,066","10,912","7,035",29,"11,770","3,534",0,879,0,"1,000",0,0,0,0,0,0,0,0,0,0,0,0,0,0,0,0,0,2,0,0,0,0,"31,986","28,328","3,658",0,0,0,0,0,0,0,0,0,0,0,0,0,0,0,0,0,0,-,0,0,0,"11,349",0,0,"1,981",994,"4,694","2,284",0,0,0,"1,395",0,0,0,0,0,0,0,0,0,0,0,0,0,0,0,0,1,0,0,0,"7,116","6,225",0,0,0,891,0,0,0,0,0,0,0,0,0,0,0,"1,028,502","558,945"
98 (2009),1,"548,279","175,264","62,464","53,111","105,882","38,172","1,184","24,132","21,385","14,033","16,836","12,223",76,"16,316","5,463",0,951,0,174,0,0,0,0,291,0,0,0,0,0,5,54,11,0,8,0,0,0,0,0,1,243,"49,814","43,621","6,193",0,0,0,0,0,0,0,0,0,0,0,0,0,0,0,0,0,0,-,0,0,0,"18,959",0,"1,347","3,228",821,"7,175","3,985",0,0,308,"2,094",0,0,0,0,0,0,0,0,0,0,0,0,0,0,0,0,0,0,0,0,"10,426","9,534",1,0,0,891,0,0,0,0,0,0,0,0,0,0,0,"1,254,955","674,519"
98 (2009),2,"519,826","201,180","77,591","64,553","64,257","31,002","1,120","22,003","14,545","9,251","11,225","7,254",0,"10,851","3,958",0,708,240,88,0,0,0,0,0,0,0,0,0,0,0,0,0,0,0,0,0,0,0,0,0,0,"28,702","25,675","3,027",0,0,0,0,0,0,0,0,0,0,0,0,0,0,0,0,0,0,-,0,0,0,"13,834",0,"1,519","2,534",584,"5,084","2,714",0,0,0,"1,399",0,0,0,0,0,0,0,0,0,0,0,0,0,0,0,0,0,0,0,0,"9,556","8,518",0,0,0,"1,008",0,0,0,0,0,0,0,0,0,0,0,"1,143,806","618,982"
98 (2009),3,"513,741","177,558","70,080","69,527","80,235","27,854",779,"22,079","20,219","9,760","10,324","6,463",0,"13,160","4,320",0,861,204,236,0,0,0,0,64,0,0,0,0,0,0,0,1,0,0,0,0,0,0,0,0,17,"32,802","27,906","4,896",0,0,0,0,0,0,0,0,0,0,0,0,0,0,0,0,0,0,-,0,0,0,"20,985",0,"2,223","3,349","1,233","7,413","3,760",0,0,0,"3,007",0,0,0,0,0,0,0,0,0,0,0,0,0,0,0,0,0,0,0,0,"8,373","7,095",0,0,0,"1,278",0,0,0,0,0,0,0,0,0,0,0,"1,151,802","620,797"
98 (2009),4,"624,813","209,572","118,464","70,257","96,453","41,274",739,"22,118","22,082","10,421","10,352","6,420",1,"12,429","3,204",0,648,0,372,0,0,0,0,1,0,0,0,0,0,0,0,0,0,0,0,0,0,0,0,0,6,"34,295","29,285","5,006",0,0,0,2,0,0,0,0,0,0,0,0,0,0,0,0,0,0,-,0,0,0,"21,831",0,"2,182","2,411",920,"8,386","4,514",0,0,0,"3,418",0,0,0,0,0,0,0,0,0,0,0,0,0,0,0,0,0,0,0,0,"11,300","10,611",0,0,0,689,0,0,0,0,0,0,0,0,0,0,0,"1,384,476","695,011"
98 (2009),5,"569,612","188,605","116,050","55,422","80,382","34,115","1,170","20,953","21,558","11,674","10,351","8,634",0,"14,580","3,282",0,"1,223",0,"1,384",0,0,0,0,0,0,0,0,0,0,0,0,227,0,0,0,0,2,0,0,0,0,"35,236","29,945","5,280",0,0,0,11,0,0,0,0,0,0,0,0,0,0,0,0,0,0,-,0,0,0,"20,917",0,"2,488","2,682",837,"7,176","4,702",0,0,0,"3,032",0,0,0,0,0,0,0,0,0,0,0,0,0,0,0,0,0,0,0,0,"9,173","8,299",0,0,0,874,0,2,0,0,0,0,0,0,0,0,0,"1,269,878","635,635"
98 (2009),6,"526,410","171,663","113,513","52,098","75,108","27,795",816,"18,795","17,514","12,101","11,766","7,657",0,"13,460","2,691",0,940,0,492,0,0,0,0,0,0,0,0,0,0,0,0,0,0,0,0,0,1,0,0,0,0,"38,363","32,989","5,356",0,0,0,18,0,0,0,0,0,0,0,0,0,0,0,0,0,0,-,0,0,0,"18,806",0,"2,054","2,713",895,"6,052","4,300",0,0,0,"2,790",0,0,0,0,0,0,0,0,0,0,0,0,0,0,0,0,0,0,0,0,"7,582","6,521",0,0,0,"1,061",0,0,0,0,0,0,0,0,0,0,0,"1,182,320","591,187"
98 (2009),7,"718,207","225,279","141,198","68,932","129,299","35,420","1,127","26,017","21,334","20,322","16,217","10,111",2,"17,403","3,855",0,898,0,496,183,0,0,0,0,0,0,0,0,0,0,1,0,0,0,0,0,25,0,0,88,0,"42,363","35,892","6,448",0,0,0,23,0,0,0,0,0,0,0,0,0,0,0,0,0,0,-,0,0,0,"23,725",0,"2,206","2,586",891,"9,173","5,251",0,0,0,"3,617",0,0,0,0,0,0,0,0,0,0,0,0,0,0,0,0,0,0,0,0,"9,594","8,474",0,0,0,"1,112",8,0,0,0,0,0,0,0,0,0,0,"1,587,777","794,198"
98 (2009),8,"736,121","236,981","134,944","70,430","130,359","40,131","1,068","23,563","27,902","21,299","15,484","11,544",1,"16,301","3,897",17,928,0,"1,032",0,0,0,0,0,0,0,0,0,0,0,239,1,0,0,0,0,0,0,0,0,0,"49,264","41,465","7,786",0,0,0,13,0,0,0,0,0,0,0,0,0,0,0,0,0,0,-,0,0,0,"24,524",0,"1,988","3,420",849,"9,809","5,112",0,0,0,"3,346",0,0,0,0,0,0,0,0,0,0,0,0,0,0,0,0,0,0,0,0,"7,826","6,997",0,0,0,829,0,0,0,0,0,0,0,0,0,0,0,"1,635,470","817,785"
98 (2009),9,"552,429","151,704","155,012","51,663","87,727","23,423",906,"17,761","19,527","11,134","9,149","6,820",0,"13,932","2,770",164,508,0,157,0,0,0,0,0,0,0,0,0,0,0,0,0,0,2,0,41,1,0,0,28,0,"45,887","38,398","7,478",0,0,0,11,0,0,0,0,0,0,0,0,0,0,0,0,0,0,-,0,0,0,"20,551",0,"2,109","2,973","1,022","6,272","4,856",0,0,161,"3,158",0,0,0,0,0,0,0,0,0,0,0,0,0,0,0,0,0,0,0,0,"6,412","5,102",0,0,0,"1,293",8,395,0,0,0,0,0,0,0,0,0,"1,250,944","625,834"
98 (2009),10,"673,435","187,493","196,436","62,155","101,227","32,726",871,"20,800","22,602","12,349","9,904","6,604",135,"16,457","2,406",0,972,0,289,0,0,0,0,0,0,0,0,0,0,0,0,0,0,8,0,0,1,0,0,0,0,"40,084","36,248","3,824",0,0,0,12,0,0,0,0,0,0,0,0,0,0,0,0,0,0,-,0,0,0,"19,502",0,"1,916","2,912",746,"5,884","4,429",0,0,0,"3,614",0,0,0,0,0,0,0,0,0,0,0,0,0,0,0,0,0,0,0,0,"8,341","6,660",0,0,0,"1,681",0,849,0,0,0,0,0,0,0,0,0,"1,483,572","742,345"
98 (2009),11,"598,386","162,237","170,981","61,226","85,265","27,506",562,"21,527","24,616","10,633","7,978","7,081",1,"13,313","3,521",0,"1,363",114,421,0,0,0,0,0,2,12,0,0,0,0,0,0,0,0,0,0,2,0,0,0,27,"38,627","35,831","2,784",0,0,0,11,0,0,0,0,0,0,0,0,0,1,0,0,0,0,-,0,0,0,"16,194",0,"1,755","2,245",721,"5,181","3,444",0,0,0,"2,847",0,0,0,0,0,0,0,0,0,0,0,0,0,0,0,0,1,0,0,0,"7,164","5,635",0,0,0,"1,527",0,609,0,0,0,0,0,0,0,0,0,"1,321,351","661,050"
98 (2009),12,"598,172","173,465","159,354","59,889","77,663","29,388",919,"25,071","25,165","10,718","7,762","6,561",0,"15,227","4,864",0,"1,570",62,388,0,0,0,103,0,0,0,0,0,0,0,0,0,0,0,0,0,3,0,0,0,0,"42,031","38,210","3,815",0,0,0,6,0,0,0,0,0,0,0,0,0,0,0,0,0,0,-,0,0,0,"16,954",0,"1,731","1,744",207,"6,930","3,554",0,0,96,"2,507",0,0,0,0,0,0,0,0,0,0,0,0,0,0,0,0,2,0,183,0,"7,368","6,347",0,0,0,"1,021",0,983,0,0,0,0,0,0,0,0,0,"1,330,033","665,603"
99 (2010),1,"646,818","180,195","158,962","58,339","92,832","36,008",633,"24,861","30,207","17,641","13,261","8,077",0,"17,916","6,362",0,"1,280",0,213,0,0,0,0,0,0,0,0,0,0,28,0,0,0,0,0,0,2,0,0,0,1,"54,596","49,994","4,597",0,0,0,5,0,0,0,0,0,0,0,0,0,0,0,0,0,0,-,0,0,0,"18,844",0,"1,962","2,571",276,"7,609","3,985",1,0,0,"2,085",0,0,0,0,0,0,0,0,0,0,0,0,0,0,0,0,0,0,355,0,"10,447","8,003",491,2,0,"1,951",0,821,0,0,0,0,0,0,0,4,0,"1,462,235","731,609"
99 (2010),2,"754,800","212,642","187,503","56,416","107,985","38,938",465,"33,086","36,083","19,219","17,953","12,750",689,"21,330","5,537",0,"1,462",0,949,0,0,0,0,700,0,0,0,0,0,0,8,0,0,"1,085",0,0,0,0,0,0,0,"51,955","47,486","4,467",0,0,1,1,0,0,0,0,0,0,0,0,0,0,0,0,0,0,-,0,0,0,"19,428",0,"2,064","3,093",911,"6,285","4,088",0,0,0,"2,545",0,0,0,0,0,0,16,0,0,0,0,0,0,0,0,0,0,0,426,0,"11,457","8,800",485,0,0,"2,172",0,1,0,0,0,0,0,0,0,0,0,"1,675,281","837,946"
99 (2010),3,"651,289","177,922","178,792","60,801","91,243","27,860",396,"26,440","28,077","15,283","13,208","8,805",0,"14,880","5,342",0,"1,464",0,505,0,0,0,0,0,0,0,0,0,270,0,0,0,0,0,0,0,1,0,0,0,0,"41,725","37,324","4,396",0,0,0,5,0,0,0,0,0,0,0,0,0,0,0,0,0,0,-,0,0,0,"17,764",0,"1,850","2,544",962,"6,060","2,929",0,0,0,"2,912",0,0,0,0,0,0,0,0,0,0,0,0,0,0,0,0,0,0,506,0,"6,863","5,585",0,0,0,"1,276",0,0,0,0,0,0,0,0,0,0,0,"1,435,279","717,854"
99 (2010),4,"683,094","191,960","183,895","59,552","112,939","33,407",560,"24,277","17,190","15,050","13,454","8,552",0,"14,388","4,316",0,"1,322",0,"1,555",0,0,0,0,358,0,0,0,0,200,0,0,0,0,0,0,0,2,0,0,0,101,"37,793","32,496","5,294",0,0,0,3,0,0,0,0,0,0,0,0,0,0,0,0,0,0,-,0,0,0,"15,539",0,"1,651","2,287","1,059","3,232","4,516",0,0,0,"2,568",0,0,0,0,0,0,0,0,0,0,0,0,0,0,0,0,0,0,225,0,"7,387","6,189",0,0,0,"1,193",1,0,0,0,0,0,0,0,0,0,0,"1,487,605","743,940"
99 (2010),5,"704,776","199,976","194,184","55,260","124,151","33,033",107,"25,083","11,704","15,991","12,142","9,779",19,"16,770","4,212",0,"1,113",0,511,0,0,0,0,646,0,0,0,0,0,0,1,0,0,0,0,0,2,0,0,0,0,"39,447","34,609","4,834",0,0,0,4,0,0,0,0,0,0,0,0,0,0,0,0,0,0,-,0,0,0,"16,337",0,"2,202","2,695","1,654","3,776","3,301",0,0,0,"2,708",0,0,0,0,0,0,0,0,0,0,0,0,0,0,0,0,0,0,0,0,"6,394","5,201",0,20,0,"1,173",0,0,0,0,0,0,0,0,0,0,0,"1,533,815","767,294"
99 (2010),6,"735,845","202,330","206,639","57,289","126,779","33,480",127,"25,192","16,231","18,274","11,760","14,033",6,"17,018","3,596",0,"1,126",0,"1,118",0,0,0,0,619,0,0,0,0,0,0,0,0,1,0,0,0,0,0,0,0,227,"44,068","37,782","6,281",0,0,0,5,0,0,0,0,0,0,0,0,0,0,0,0,0,0,-,0,0,0,"19,474",0,"2,431","2,704","1,719","6,023","4,036",1,0,0,"2,559",0,0,0,0,0,0,0,0,0,0,0,0,0,0,0,0,1,0,0,0,"7,408","6,102",0,0,0,"1,306",0,0,0,0,0,0,0,0,0,0,0,"1,613,590","806,972"
99 (2010),7,"902,724","233,849","245,672","61,573","165,949","36,160",972,"32,897","33,198","36,044","19,005","16,741",0,"12,294","4,906",94,"1,176",0,"1,864",0,0,0,0,0,0,0,0,0,0,0,0,0,0,196,0,0,0,0,0,0,134,"54,084","46,634","7,438",0,0,0,12,0,0,0,0,0,0,0,0,0,0,0,0,0,0,-,0,0,0,"17,502",0,"2,270","3,083",611,"5,548","4,010",0,0,118,"1,861",0,0,0,0,0,0,0,0,0,0,0,0,0,0,0,0,0,0,0,0,"12,227","8,836",21,0,0,"3,301",0,1,0,0,0,0,0,0,1,0,0,"1,973,006","987,584"
99 (2010),8,"809,514","214,189","230,310","56,882","132,060","38,729","1,191","25,259","33,400","21,616","16,786","15,747",0,"16,960","4,594",0,"1,124",0,505,0,0,0,0,0,1,2,0,0,0,0,0,0,0,0,0,0,0,0,0,0,112,"49,699","42,147","7,552",0,0,0,0,0,0,0,0,0,0,0,0,0,0,0,0,0,0,-,0,0,0,"16,122",0,"1,982","2,775",421,"4,545","3,834",0,0,109,"2,454",0,0,0,0,0,0,0,0,0,0,0,0,0,0,0,0,0,0,0,0,"7,694","5,547",0,0,0,"2,146",0,286,0,0,286,0,0,0,0,0,0,"1,766,580","883,581"
99 (2010),9,"726,845","182,089","211,806","51,637","117,009","32,058","1,731","23,724","42,919","15,372","13,483","14,268",0,"14,646","4,647",0,669,0,769,0,0,0,0,0,0,0,0,0,8,0,0,0,0,0,0,0,2,0,0,0,8,"37,396","30,230","6,946",0,9,0,8,1,0,0,0,0,0,0,0,0,0,202,0,0,0,-,0,0,0,"10,747",0,"2,571","3,434",0,335,"2,052",0,0,0,"2,355",0,0,0,0,0,0,0,0,0,0,0,0,0,0,0,0,0,0,0,0,"7,586","5,808",0,0,0,"1,768",0,1,0,0,0,0,0,0,0,0,0,"1,565,139","782,978"
99 (2010),10,"746,365","192,302","221,683","51,773","120,290","38,939","1,425","24,025","36,933","13,724","13,318","12,584",0,"13,415","4,625",0,877,120,331,0,0,0,0,0,0,0,0,0,0,0,0,0,0,0,0,0,1,0,0,0,0,"32,082","27,633","4,439",0,0,0,10,0,0,0,0,0,0,0,0,0,0,0,0,0,0,-,0,0,0,"9,574",0,"2,427","3,289",0,0,"1,194",0,0,448,"2,216",0,0,0,0,0,0,0,0,0,0,0,0,0,0,0,0,0,0,0,0,"6,954","5,506",0,0,0,"1,448",0,0,0,0,0,0,0,0,0,0,0,"1,589,950","795,114"
99 (2010),11,"642,149","155,861","202,693","47,571","97,209","33,968",751,"23,351","31,542","12,795","11,294","9,126",0,"10,812","4,050",0,860,0,264,0,0,0,0,0,0,0,0,0,0,0,0,0,0,0,0,0,2,0,0,0,0,"28,867","26,005","2,853",0,0,0,9,0,0,0,0,0,0,0,0,0,0,0,0,0,0,-,0,0,0,"6,293",0,"1,241","2,288",106,217,"1,033",0,0,244,"1,054",0,0,0,0,0,0,0,0,0,0,0,0,0,0,0,0,0,0,0,0,"5,494","4,285",0,0,0,"1,209",0,0,0,0,0,0,0,0,0,0,0,"1,365,496","682,970"
99 (2010),12,"638,458","165,318","202,103","50,817","89,511","23,710",892,"25,792","32,590","11,500","10,462","9,300",0,"9,416","4,891",0,"1,624",0,530,0,0,0,0,0,0,0,0,0,0,0,0,0,0,0,0,0,2,0,0,0,0,"27,806","23,893","3,905",0,0,0,8,0,0,0,0,0,0,0,0,0,0,0,0,0,0,-,0,0,0,"4,781",0,"1,309","1,212",0,325,"1,164",0,0,0,764,0,0,0,0,0,0,0,0,4,0,0,0,0,0,0,0,0,0,0,0,"5,934","4,925",0,0,0,"1,008",0,0,0,0,0,0,0,0,0,0,0,"1,353,954","677,232"
100 (2011),1,"628,836","150,640","167,085","39,451","109,762","24,875",969,"25,904","39,009","16,958","17,419","13,318",215,"14,838","6,105",53,"1,785",0,220,0,0,0,0,0,111,0,0,0,0,0,0,0,117,0,0,0,2,0,0,111,0,"42,462","36,765","5,691",0,0,0,6,0,0,0,0,0,0,0,0,0,0,0,0,0,0,-,0,0,0,"8,804",0,"1,614","2,540",399,"1,339","1,339",0,0,30,"1,443",100,0,0,0,0,0,0,0,0,0,0,0,0,0,0,0,0,0,0,0,"10,332","6,935",440,0,0,"2,846",0,136,0,0,0,0,0,0,0,0,0,"1,381,004","690,743"
100 (2011),2,"746,318","200,974","236,262","48,772","98,987","24,517",515,"29,347","31,637","16,503","16,275","14,589",439,"18,613","6,901",7,"1,605",0,234,0,0,0,0,0,0,0,99,0,0,0,0,0,0,0,0,0,0,0,0,40,2,"31,627","28,027","3,590",0,0,0,9,0,0,0,0,0,0,0,0,0,1,0,0,0,0,-,0,0,0,"18,617",0,"2,241","2,537",285,"7,432","3,627",0,0,309,"1,888",0,0,0,0,0,0,0,0,0,0,0,0,0,0,0,0,0,0,298,0,"8,061","4,924","1,526",0,0,"1,611",0,2,0,0,0,0,0,0,2,0,0,"1,609,250","804,856"
100 (2011),3,"606,326","156,827","210,319","45,740","47,959","24,661",486,"23,816","31,070","15,729","12,533","12,888",3,"15,320","6,248",0,"2,087",0,265,0,0,0,0,0,0,0,0,0,0,0,0,2,0,0,0,0,1,11,0,279,82,"32,614","27,417","4,889",0,0,0,7,0,0,0,7,0,0,0,0,0,0,294,0,0,0,-,0,0,0,"21,929",0,"2,377","2,590",798,"8,784","3,919",0,0,27,"3,056",0,0,0,0,0,0,0,0,0,0,0,0,0,0,0,0,0,0,204,155,"5,729","3,017","1,273",0,0,"1,433",0,0,0,0,0,0,0,0,0,0,0,"1,333,171","667,160"
100 (2011),4,"690,567","194,703","233,533","53,402","47,144","31,442",663,"26,635","32,118","16,753","15,639","13,073",56,"17,564","6,188",87,"1,079",0,237,0,0,0,0,249,0,0,0,0,0,0,0,0,0,0,0,0,1,0,0,1,0,"33,641","27,607","6,022",0,0,0,11,0,0,0,0,0,0,0,0,0,0,0,0,0,0,-,0,1,0,"20,814",0,"2,211","2,664",866,"8,282","3,001",0,0,413,"2,875",0,1,0,0,240,0,0,0,0,0,0,0,0,0,0,0,0,0,261,0,"7,390","3,866","1,077",7,0,"2,438",0,0,0,0,0,0,0,0,0,0,0,"1,504,822","752,558"
100 (2011),5,"736,192","186,636","249,428","50,145","82,194","28,357",515,"25,577","39,625","17,090","16,938","13,523",38,"19,208","5,299",6,"1,085",0,365,0,0,0,0,0,0,0,0,0,74,0,0,0,89,0,0,0,0,0,0,0,0,"41,596","35,272","6,306",4,0,0,14,0,0,0,0,0,0,0,0,0,0,0,0,0,0,-,0,0,0,"23,542",0,"2,715","3,496",977,"8,861","3,530",0,0,349,"3,247",0,0,0,0,0,0,0,0,0,0,0,0,0,0,0,39,0,0,328,0,"6,729","3,857",791,17,0,"2,062",0,45,0,0,0,0,0,0,0,0,0,"1,616,161","809,015"
100 (2011),6,"804,014","201,592","248,982","55,290","102,905","41,389",268,"25,655","43,527","19,895","18,917","16,265",298,"21,695","5,132",0,"1,535",0,378,0,0,0,0,0,0,0,0,0,0,0,0,0,143,0,0,0,1,147,0,0,0,"49,296","41,296","7,789",0,0,0,16,0,0,0,0,0,0,0,0,0,0,195,0,0,0,-,0,0,0,"26,447",0,"3,695","3,517","1,087","10,071","3,879",0,0,28,"3,763",0,0,0,0,0,0,0,0,0,0,0,0,0,0,0,233,0,0,171,0,"9,567","5,272","1,652",0,0,"2,639",0,0,0,0,0,0,0,0,0,0,0,"1,778,641","890,332"
100 (2011),7,"933,756","222,871","278,164","59,605","137,475","47,357",376,"35,950","45,310","28,833","27,692","18,874",0,"22,265","5,986",0,"1,694",167,33,0,0,0,0,0,254,2,0,0,0,0,56,0,723,0,0,0,2,0,0,234,0,"53,351","46,144","7,191",0,0,0,16,0,0,0,0,0,0,0,0,0,0,0,0,0,0,-,0,0,0,"26,865",0,"3,138","3,719","1,047","10,421","4,025",0,0,0,"3,937",0,0,0,0,0,0,0,0,0,0,0,0,0,0,0,0,0,0,570,0,"12,056","5,788","2,015",10,0,"3,989",0,1,1,0,0,0,0,0,0,0,0,"2,051,963","1,026,829"
100 (2011),8,"825,270","199,126","255,751","55,567","118,112","47,256",795,"24,639","37,507","21,657","22,357","16,927",48,"17,381","6,477",1,"1,044",0,1,0,0,0,22,0,0,0,0,0,0,424,0,0,141,0,0,0,3,0,0,0,31,"51,321","43,923","7,382",0,0,0,14,0,0,0,2,0,0,0,0,0,0,0,0,0,0,-,0,0,0,"23,825",0,"2,846","3,194",928,"9,276","3,751",0,0,0,"3,579",0,0,0,0,0,0,0,0,0,0,0,0,0,0,0,0,1,0,250,0,"10,385","5,098","1,669",0,1,"3,617",0,44,0,0,0,0,0,0,0,0,0,"1,821,643","911,458"
100 (2011),9,"745,564","173,906","247,501","48,903","100,627","37,050",762,"25,539","36,215","15,980","17,458","16,314",17,"18,709","4,930",0,998,126,178,3,0,0,0,0,198,0,0,0,0,0,0,0,0,0,0,0,2,0,0,113,213,"40,683","32,749","7,921",0,0,0,12,0,0,0,0,0,0,0,0,0,0,0,1,0,0,-,0,0,0,"27,469",0,"3,585","4,165",672,"9,724","4,152",0,0,122,"4,373",0,0,0,0,0,0,0,0,0,0,0,0,0,0,0,0,0,0,676,0,"8,739","4,477","1,480",3,0,"2,575",0,0,0,0,0,0,0,0,0,0,0,"1,644,884","823,272"
100 (2011),10,"778,938","184,965","261,650","47,524","118,433","43,354",559,"25,452","24,062","14,771","16,110","16,189",195,"18,390","5,059",0,939,110,"1,011",0,0,0,0,0,0,0,110,0,1,0,0,0,22,0,0,0,1,15,0,0,0,"37,091","32,218","4,830",0,3,0,5,0,0,0,1,0,0,0,0,0,0,34,0,0,0,-,0,0,0,"19,162",0,"3,054","3,144","1,038","5,875","2,312",0,0,0,"3,528",1,4,0,0,0,0,0,0,0,0,0,0,0,0,0,0,2,0,202,0,"8,766","4,902","1,596",0,0,"2,246",7,2,0,0,0,0,0,0,0,0,0,"1,687,883","844,814"
100 (2011),11,"655,117","140,825","242,208","42,806","90,235","37,245",936,"25,666","10,533","13,938","13,692","14,435",319,"15,713","4,426",0,"1,214",0,606,0,0,0,0,0,33,0,0,0,0,7,0,76,235,0,0,0,2,0,0,0,0,"31,113","28,237","2,863",0,0,0,12,0,0,0,0,0,0,0,0,0,0,0,0,0,0,-,0,0,0,"11,792",0,"2,324","2,459",518,"2,106","1,350",0,0,135,"2,607",0,0,0,0,80,0,0,0,0,0,0,0,0,0,0,46,0,0,167,0,"7,270","3,526","1,219",0,0,"2,489",0,1,0,0,0,0,0,0,0,0,0,"1,410,581","706,108"
100 (2011),12,"611,316","143,695","215,689","40,428","82,561","35,763",365,"24,407","12,022","11,057","12,778","12,481",0,"13,130","4,590",0,"1,198",110,155,0,0,0,0,0,0,0,0,0,0,0,0,0,614,0,0,0,126,0,0,0,147,"28,464","25,193","3,259",0,0,0,7,0,0,0,0,0,0,0,0,0,0,0,0,0,0,-,0,0,1,"9,796",0,"1,537","1,353",740,"3,067","1,491",1,0,1,"1,605",0,0,0,0,0,0,0,0,0,0,0,0,0,0,0,0,0,0,1,0,"6,590","3,227","1,224",0,0,"2,134",0,7,0,0,0,0,0,0,0,0,0,"1,312,330","656,728"
101 (2012),1,"805,418","172,687","258,728","39,986","133,945","43,511",750,"37,478","19,794","21,111","26,579","21,298",819,"20,955","5,877",62,"1,501",2,247,0,0,0,0,0,9,0,0,0,0,0,12,17,19,0,0,0,0,0,0,0,0,"65,163","58,137","6,939",0,0,0,9,0,0,0,0,0,0,0,0,0,0,78,0,0,0,-,0,0,0,"20,476",0,"2,105","3,196",863,"7,178","4,426",0,0,3,"2,421",0,0,0,0,0,0,0,0,0,0,0,0,0,0,0,97,1,0,183,0,"8,989","5,287",765,0,0,"2,928",0,215,5,0,0,0,0,0,0,0,0,"1,800,269","901,293"
101 (2012),2,"711,348","162,344","248,837","40,875","90,318","42,984","1,365","27,787","18,283","15,799","22,601","17,322",0,"15,326","5,809",163,"1,242",229,53,0,0,0,0,0,0,0,0,0,0,6,0,0,0,0,0,0,0,0,0,2,0,"35,539","31,839","3,629",0,0,0,4,0,0,0,0,0,60,0,0,0,0,0,0,0,0,-,0,1,0,"16,617",0,"1,783","2,249",69,"6,687","3,848",0,0,3,"1,974",0,3,0,0,0,0,0,0,0,0,0,0,0,0,0,0,0,0,0,0,"8,120","4,842",299,0,0,"2,979",0,123,0,0,0,0,0,0,0,0,0,"1,543,361","772,495"
101 (2012),3,"659,089","140,015","236,894","38,428","94,258","34,886",904,"26,232","20,340","12,641","16,546","16,900",0,"14,929","4,553",0,"1,248",0,0,0,0,1,0,3,0,0,0,0,0,0,0,0,112,0,121,0,1,0,0,2,75,"37,076","32,463","4,579",0,0,0,7,0,0,0,27,0,0,0,0,0,0,0,0,0,0,-,0,0,0,"21,458",4,"1,911","3,228",394,"8,212","4,488",0,0,10,"3,021",0,0,0,0,0,0,0,0,0,0,0,0,0,0,0,0,0,0,190,0,"5,751","3,454",160,0,0,"2,134",0,6,0,0,0,0,0,0,0,0,0,"1,446,751","723,643"
101 (2012),4,"782,368","165,907","266,709","41,305","143,550","42,203",320,"30,294","20,932","12,576","18,758","16,967",0,"16,200","5,092",0,"1,385",0,92,0,0,0,1,47,0,0,0,0,0,2,1,0,11,0,0,0,1,0,0,0,15,"42,379","36,456","5,508",0,0,0,8,0,0,0,407,0,0,0,0,0,0,0,0,0,0,-,0,0,0,"19,899",1,"2,042","2,805","1,122","7,187","3,621",0,0,0,"3,077",0,0,0,0,0,0,0,0,0,0,0,0,0,0,0,0,1,0,43,0,"6,326","3,571",116,0,0,"2,639",0,342,1,0,0,0,0,0,0,0,0,"1,702,287","851,486"
101 (2012),5,"774,744","162,217","272,775","39,191","132,010","40,460",58,"30,057","25,542","14,543","16,446","18,407",0,"16,795","4,972",0,"1,231",0,13,0,0,1,0,0,0,0,0,0,0,0,0,0,11,0,0,0,0,15,0,0,0,"44,586","39,012","5,426",0,0,0,5,0,0,0,143,0,0,0,0,0,0,0,0,0,0,-,0,0,0,"22,922",0,"3,279","3,404","1,463","7,105","3,140",0,0,0,"4,530",0,0,0,0,0,0,0,1,0,0,0,0,0,0,0,0,0,0,0,0,"5,752","2,774",46,21,0,"2,911",0,"1,138",0,0,0,0,0,0,0,0,0,"1,697,146","849,354"
101 (2012),6,"817,506","182,643","268,283","43,831","137,292","48,558",101,"27,243","28,293","16,458","18,825","19,762",116,"19,619","5,081",0,"1,275",0,66,0,1,1,0,0,1,0,0,0,0,0,0,1,40,0,0,15,0,2,0,0,0,"54,875","47,638","7,228",0,0,0,9,0,0,0,0,0,0,0,0,0,0,0,0,0,0,-,0,0,0,"27,534",0,"3,936","3,846","1,701","9,429","3,928",0,0,0,"4,694",0,0,0,0,0,0,0,0,0,0,0,0,0,0,0,0,0,0,0,0,"8,555","3,722",85,0,0,"4,747",0,0,0,0,0,0,0,0,0,0,0,"1,816,940","908,600"
101 (2012),7,"941,943","199,490","296,306","54,450","166,674","56,027",48,"36,362","28,570","24,899","28,561","22,693",55,"21,085","4,952",0,"1,659",0,86,0,0,14,0,0,0,0,0,0,0,0,0,5,6,0,0,1,0,0,0,0,0,"60,592","53,530","7,045",0,0,0,17,0,0,0,0,0,0,0,0,0,0,0,0,0,0,-,0,0,0,"27,807",0,"2,938","3,565","1,798","11,169","3,969",0,0,48,"4,320",0,0,0,0,0,0,0,0,0,0,0,0,0,0,0,0,0,0,0,0,"10,824","5,453",54,3,0,"5,314",0,0,0,0,0,0,0,0,0,0,0,"2,082,332","1,041,365"
101 (2012),8,"842,583","185,595","271,159","52,239","141,957","54,680",42,"26,120","26,259","19,567","22,439","18,904",0,"16,802","5,252",0,"1,247",0,1,0,0,18,0,0,0,0,0,0,0,0,0,0,2,0,0,300,0,0,0,0,0,"57,535","49,592","7,937",0,0,0,6,0,0,0,0,0,0,0,0,0,0,0,0,0,0,-,0,0,0,"25,371",0,"3,032","3,243","1,448","10,111","3,942",0,0,0,"3,592",0,0,0,0,0,0,0,0,0,0,0,0,0,0,0,0,0,0,0,0,"8,342","4,119",43,0,0,"4,180",0,1,0,0,0,0,0,0,0,0,0,"1,867,660","933,988"
101 (2012),9,"744,064","157,013","247,490","47,937","124,637","43,997",35,"23,935","28,242","16,325","17,159","15,469",0,"16,232","4,617",0,962,0,0,0,0,0,0,0,0,0,0,0,0,0,0,0,1,0,0,0,0,0,0,0,13,"43,090","36,420","6,659",0,0,0,11,0,0,0,0,0,0,0,0,0,0,0,0,0,0,-,0,0,0,"25,303",0,"3,376","4,026","1,946","7,813","3,469",0,0,0,"4,622",0,46,0,0,0,0,0,0,0,0,0,0,0,0,0,0,0,0,0,0,"5,968","3,442",24,0,0,"2,497",1,1,0,0,0,0,0,0,0,0,0,"1,636,842","818,593"
101 (2012),10,"843,869","181,475","292,306","45,955","142,486","47,497",11,"27,979","28,707","14,769","17,959","17,187",3,"18,961","6,553",0,"2,008",0,0,0,0,0,0,0,0,0,0,0,0,1,0,0,1,0,0,0,0,0,0,0,10,"40,420","35,328","5,083",0,0,0,9,0,0,0,0,0,0,0,0,0,0,0,0,0,0,-,0,0,0,"21,317",0,"2,385","2,882","1,914","6,569","3,060",0,0,0,"4,503",0,0,0,0,0,0,0,1,0,0,0,0,0,0,0,0,0,0,0,0,"6,349","3,764",14,0,0,"2,571",0,0,0,0,0,0,0,0,0,0,0,"1,823,906","912,063"
101 (2012),11,"731,147","149,827","250,231","39,890","132,920","38,561","1,548","23,697","31,289","11,865","17,478","14,086",34,"11,537","6,064",0,"2,108",2,0,0,0,0,0,0,0,0,0,0,0,1,0,0,0,0,0,0,1,0,0,0,8,"28,255","25,066","3,175",0,0,0,14,0,0,0,0,0,0,0,0,0,0,0,0,0,0,-,0,0,0,"6,807",0,"1,824","2,182",0,"1,047",109,0,0,0,"1,645",0,0,0,0,0,0,0,0,0,0,0,0,0,0,0,0,0,0,0,0,"7,102","4,745",7,0,0,"2,350",0,0,0,0,0,0,0,0,0,0,0,"1,546,622","773,440"
101 (2012),12,"713,518","161,999","229,337","42,963","120,253","39,365","1,366","24,327","30,495","12,617","18,542","12,390",73,"10,452","6,777",0,"2,514",0,0,0,0,0,0,0,1,0,0,0,0,0,2,0,0,0,0,44,2,0,0,0,0,"27,504","24,087","3,406",0,0,0,7,0,0,0,0,0,0,0,4,0,0,0,0,0,0,-,0,0,0,"5,249",0,"1,521","1,645",0,746,2,0,0,0,"1,335",0,0,0,0,0,0,0,0,0,0,0,0,0,0,0,0,0,0,0,0,"7,088","4,813",8,0,0,"2,262",0,0,0,0,0,0,0,0,0,0,0,"1,506,714","753,440"
102 (2013),1,"704,042","153,216","206,418","36,624","128,322","44,828","1,689","23,234","31,174","15,385","28,592","15,583",2,"10,597","5,998",0,"2,376",1,0,0,0,0,0,0,0,0,0,0,0,0,3,0,0,0,0,0,0,0,0,0,0,"35,115","30,631","4,468",3,0,2,11,0,0,0,0,0,0,0,0,0,0,0,0,0,0,-,0,0,0,"5,519",0,"1,859","2,050",0,821,1,0,0,0,788,0,0,0,0,0,0,0,0,0,0,0,0,0,0,0,0,0,0,0,0,"8,764","6,351",1,0,0,"2,406",1,3,0,0,0,0,0,0,0,0,0,"1,506,878","753,483"
102 (2013),2,"914,067","200,670","263,527","45,579","166,278","46,443","1,726","39,702","43,975","22,338","34,379","21,573",283,"17,474","7,057",158,"2,889",1,0,0,0,0,0,0,0,8,0,0,0,0,1,0,1,0,0,0,0,0,0,2,0,"34,882","30,534","4,329",0,0,0,9,0,0,0,0,0,0,0,0,0,0,0,0,0,0,-,0,10,0,"7,905",0,"2,185","2,681",0,"2,085",0,0,0,0,954,0,0,0,0,0,0,0,0,0,0,0,0,0,0,0,0,0,0,0,0,"9,696","7,073",0,0,0,"2,623",0,1,0,0,0,0,0,0,0,0,0,"1,933,098","966,575"
102 (2013),3,"770,918","149,360","244,035","38,616","157,345","41,501","1,833","25,335","39,654","14,404","20,099","15,108","2,107","13,390","5,748",0,"2,296",0,0,0,0,0,0,0,0,0,0,0,0,0,0,0,82,0,0,0,4,0,0,0,0,"28,489","24,015","4,468",0,0,0,6,0,0,0,0,0,0,0,0,0,0,0,0,0,0,-,0,0,0,"7,939",0,"2,130","3,240",70,"1,159",0,0,0,0,"1,340",0,0,0,0,0,0,0,0,0,0,0,0,0,0,0,0,0,0,0,0,"7,182","5,490",0,6,0,"1,682",0,0,0,0,0,0,0,0,0,0,0,"1,629,051","814,558"
102 (2013),4,"850,233","180,319","246,156","40,397","203,211","34,620","1,469","27,676","43,508","15,841","22,459","14,129",0,"13,472","5,030",0,"1,901",0,9,0,0,0,0,0,0,0,0,0,0,0,1,0,30,0,0,0,2,0,0,3,0,"32,382","27,033","5,341",0,0,0,8,0,0,0,0,0,0,0,0,0,0,0,0,0,0,-,0,0,0,"8,884",0,"1,905","3,663",0,"1,604",0,0,0,0,"1,712",0,0,0,0,0,0,0,0,0,0,0,0,0,0,0,0,0,0,0,0,"6,321","4,905",0,2,0,"1,407",0,0,0,0,0,0,0,0,0,0,0,"1,795,633","897,886"
102 (2013),5,"799,738","146,183","230,912","30,785","207,335","39,360","1,509","28,182","42,960","16,178","20,525","10,237",3,"12,612","4,674",0,"1,774",0,0,0,0,0,0,0,2,0,0,0,0,1,0,0,"6,506",0,0,0,0,0,0,0,0,"36,163","30,061","6,091",7,0,0,4,0,0,0,0,0,0,0,0,0,0,0,0,0,0,-,0,0,0,"10,851",0,"3,171","3,607",0,"1,655",0,0,0,0,"2,409",0,9,0,0,0,0,0,0,0,0,0,0,0,0,0,0,0,0,0,0,"6,518","4,684",0,0,0,"1,823",0,0,0,0,0,0,0,0,0,0,0,"1,706,529","853,288"
102 (2013),6,"934,271","174,775","247,929","39,409","246,734","48,097","2,048","33,448","55,103","23,107","26,069","6,341",1,"16,063","3,724",0,"1,887",0,7,0,0,0,0,0,0,0,0,0,0,0,4,0,"9,525",0,0,0,0,0,0,0,0,"46,373","39,258","7,109",0,0,0,6,0,0,0,0,0,0,0,0,0,0,0,0,0,0,-,0,0,0,"13,684",0,"4,052","4,666",0,"2,467",0,0,0,0,"2,498",0,1,0,0,0,0,0,0,0,0,0,0,0,0,0,0,0,0,0,0,"8,528","6,039",0,27,0,"2,457",1,0,0,0,0,0,0,0,0,0,0,"2,005,708","1,002,864"
102 (2013),7,"1,017,208","190,939","284,747","46,145","254,001","46,547","2,340","40,185","46,235","28,428","36,484","8,279",3,"16,650","3,537",0,"2,101",0,0,0,0,0,0,0,0,0,0,0,0,0,0,0,"10,581",0,0,0,2,0,0,3,0,"49,785","43,053","6,723",0,0,0,9,0,0,0,0,0,0,0,0,0,0,0,0,0,0,-,0,0,0,"12,342",0,"3,021","3,894",0,"3,170",0,0,0,0,"2,255",0,2,0,0,0,0,0,0,0,0,0,0,0,0,0,0,0,0,0,0,"9,914","6,502",5,0,0,"3,397",0,0,0,0,0,0,0,0,0,0,0,"2,178,487","1,089,257"
102 (2013),8,"955,905","184,125","283,375","52,595","213,804","49,805","1,600","31,184","46,351","23,717","30,649","6,702",6,"14,313","3,857",131,"1,576",2,2,0,0,0,0,0,0,0,3,0,0,0,0,1,"12,102",0,0,0,1,0,0,2,0,"46,789","39,241","7,537",3,0,0,8,0,0,0,0,0,0,0,0,0,0,0,0,0,0,-,0,0,0,"11,303",0,"2,653","4,153",0,"2,495",0,0,0,0,"2,002",0,0,0,0,0,0,0,0,0,0,0,0,0,0,0,0,0,0,0,0,"8,369","5,287",0,0,0,"3,074",0,8,0,0,0,0,0,0,0,0,0,"2,044,730","1,022,387"
102 (2013),9,"914,652","166,244","271,078","47,569","217,611","43,935","1,800","29,137","48,465","20,911","24,944","6,796",5,"15,592","4,110",0,"1,770",0,4,0,0,0,0,0,0,0,0,0,0,0,0,0,"14,678",0,0,0,0,0,0,2,0,"39,462","32,700","6,755",0,0,0,7,0,0,0,0,0,0,0,0,0,0,0,0,0,0,-,0,0,0,"15,228",0,"3,738","4,888",0,"3,066",0,0,0,0,"3,531",0,5,0,0,0,0,0,0,0,0,0,0,0,0,0,0,0,0,0,0,"8,241","5,562",0,0,0,"2,670",6,0,0,0,0,0,0,0,0,0,0,"1,955,162","977,616"
102 (2013),10,"952,631","183,024","300,871","48,345","217,798","45,782","1,776","27,980","43,406","17,688","20,723","8,248",1,"13,047","4,991",0,"1,565",0,0,0,0,0,0,0,0,0,0,0,0,0,0,0,"17,381",0,0,0,2,0,0,0,0,"33,619","28,460","5,136",0,0,0,3,0,0,0,0,0,0,0,20,0,0,0,0,0,0,-,0,0,0,"12,034",0,"3,282","4,331",0,"1,371",0,0,0,0,"3,050",0,0,0,0,0,0,0,0,0,0,0,0,0,0,0,0,0,0,0,0,"8,706","6,481",0,0,0,"2,213",0,0,0,0,0,0,0,0,0,0,0,"2,013,965","1,007,052"
102 (2013),11,"815,172","151,802","258,093","44,472","180,498","38,501","1,435","27,676","36,044","15,664","17,207","8,684",0,"12,013","5,881",0,"1,884",0,4,0,0,0,0,0,0,0,4,0,0,0,0,2,"15,306",0,0,0,2,0,0,0,0,"32,246","28,774","3,464",3,0,0,5,0,0,0,0,0,0,0,0,0,0,0,0,0,0,-,0,0,0,"8,089",0,"2,548","2,368",0,"1,358",0,0,0,0,"1,814",0,0,0,0,0,0,0,0,0,0,0,0,0,0,0,0,0,0,0,0,"7,412","5,776",0,5,0,"1,625",6,0,0,0,0,0,0,0,0,0,0,"1,725,837","862,989"
102 (2013),12,"760,100","158,075","235,186","44,165","153,070","39,109","1,430","28,218","30,741","13,258","15,458","7,681",0,"11,155","6,731",0,"1,845",0,0,0,0,0,0,0,0,0,0,0,0,0,2,0,"13,970",0,0,0,1,0,0,1,0,"31,290","27,614","3,665",0,0,0,9,0,0,0,0,0,0,0,0,0,0,0,0,0,0,-,0,0,2,"6,022",0,"2,456","1,581",0,851,0,0,0,0,"1,134",0,0,0,0,0,0,0,0,0,0,0,0,0,0,0,0,0,0,0,0,"7,469","5,674",0,4,0,"1,787",0,2,2,0,0,0,0,0,0,0,0,"1,609,758","804,953"
103 (2014),1,"791,492","151,349","198,382","38,222","210,834","45,400","1,591","33,283","30,667","18,659","27,112","11,344",282,"15,077","6,830",0,"2,446",0,1,0,0,0,0,0,0,0,0,0,0,0,0,2,4,0,0,0,5,0,0,0,0,"43,393","37,824","5,565",0,0,0,4,0,0,0,0,0,0,0,0,0,0,0,0,0,0,-,0,0,0,"8,458",0,"3,074","2,672",0,"1,503",0,0,0,0,"1,207",0,0,0,0,0,0,0,2,0,0,0,0,0,0,0,0,0,0,0,0,"11,086","8,769",0,0,0,"2,300",0,0,0,0,0,0,0,0,0,0,0,"1,708,839","854,554"
103 (2014),2,"906,483","189,882","279,792","43,567","201,225","46,465","1,581","33,347","25,924","18,734","27,608","10,193",11,"15,747","7,385",0,"1,806",0,0,0,0,0,0,0,0,0,0,0,1,0,1,1,0,0,0,0,"3,211",0,0,0,0,"31,186","27,409","3,766",0,5,0,6,0,0,0,0,0,0,0,0,0,0,0,0,0,0,-,0,0,0,"8,002",0,"2,812","2,660",0,"1,352",0,0,0,0,"1,173",0,0,0,0,0,0,0,4,0,0,0,0,0,0,0,0,0,0,0,0,"11,642","9,194",0,0,0,"2,448",0,0,0,0,0,0,0,0,0,0,0,"1,914,623","957,463"
103 (2014),3,"820,385","148,230","241,546","38,472","219,857","46,188","1,467","27,741","26,668","15,207","19,381","9,294",0,"13,628","5,177",0,"2,008",0,0,0,0,0,0,0,0,0,0,0,0,0,0,2,0,0,0,0,"5,516",0,0,0,0,"32,740","28,289","4,440",2,0,0,9,0,0,0,0,0,0,0,0,0,0,0,0,0,0,-,0,0,0,"9,160",0,"3,058","3,319",0,"1,329",0,0,0,0,"1,453",0,1,0,0,0,0,0,0,0,0,0,0,0,0,0,0,0,0,0,0,"9,544","6,895",0,3,0,"2,646",0,0,0,0,0,0,0,0,0,0,0,"1,743,655","873,540"
103 (2014),4,"930,624","158,636","275,713","39,267","270,335","50,408","1,478","30,076","32,202","13,883","22,572","8,999",0,"13,025","5,602",151,"1,592",0,0,0,0,0,1,0,0,0,0,0,0,1,0,0,0,0,0,0,"6,681",0,0,0,0,"36,224","30,914","5,286",6,0,0,8,0,0,0,0,0,0,0,10,0,0,0,0,0,0,-,0,0,0,"9,399",0,"3,290","2,915",0,"1,430",0,0,0,0,"1,759",0,0,0,0,0,0,0,4,0,0,0,0,0,0,0,0,0,0,0,0,"8,906","6,643",0,0,0,"2,249",1,4,0,0,0,4,0,0,0,0,0,"1,970,298","985,216"
103 (2014),5,"982,395","170,816","282,707","39,347","294,242","57,585","1,785","26,930","34,603","14,478","21,674","10,440",0,"13,800","5,108",0,"1,536",0,0,0,0,0,0,0,0,2,0,0,0,0,0,0,0,0,0,0,"7,342",0,0,0,0,"42,502","36,388","6,110",0,0,0,3,0,1,0,0,0,0,0,0,0,0,0,0,0,0,-,0,0,0,"12,587",0,"3,881","4,515",0,"1,575",0,0,0,0,"2,616",0,0,0,0,0,0,0,0,0,0,0,0,0,0,0,0,0,0,0,0,"9,552","6,531",0,0,0,"3,007",3,1,0,0,0,1,0,0,0,0,0,"2,094,063","1,047,248"
103 (2014),6,"1,014,064","190,489","302,067","44,996","271,059","58,308","1,711","27,019","37,598","17,145","21,770","11,532",2,"16,731","5,392",0,"1,632",0,0,0,0,0,0,0,0,0,0,0,0,0,1,1,0,0,0,0,"6,540",0,0,71,0,"50,767","42,758","8,009",0,0,0,0,0,0,0,0,0,0,0,0,0,0,0,0,0,0,-,0,0,0,"14,405",0,"4,270","4,728",0,"2,478",0,0,0,0,"2,914",0,0,0,0,0,0,0,0,0,0,0,0,0,0,0,0,15,0,0,0,"10,289","6,416",0,4,0,"3,866",0,2,2,0,0,0,0,0,0,0,0,"2,179,051","1,090,022"
103 (2014),7,"1,085,808","198,986","312,254","47,045","297,662","59,341","1,842","31,588","34,967","23,399","34,097","14,763",0,"16,122","5,612",0,"2,056",0,0,0,0,0,0,0,0,0,0,0,0,0,2,0,0,0,0,0,"6,071",0,0,0,0,"52,984","45,585","7,399",0,0,0,0,0,0,0,0,0,0,0,0,0,0,0,0,0,0,-,0,0,0,"13,380",0,"3,076","4,350",0,"3,181",0,0,0,0,"2,329",0,444,0,0,0,0,0,0,0,0,0,0,0,0,0,0,0,0,0,0,"10,863","7,304",0,28,0,"3,521",0,0,0,0,0,0,0,0,0,0,0,"2,326,059","1,163,193"
103 (2014),8,"989,696","185,035","296,364","44,455","247,161","58,828","1,603","25,059","38,840","21,009","29,337","13,620",0,"15,447","6,100",1,"1,829",0,1,0,0,0,0,0,0,0,0,0,0,0,1,4,1,0,0,0,"4,991",0,0,0,4,"49,687","42,081","7,605",1,0,0,0,0,0,0,0,0,0,0,0,0,0,0,0,0,0,-,0,0,0,"13,390",0,"2,791","4,968",0,"2,582",0,0,0,0,"2,459",0,588,2,0,0,0,0,0,0,0,0,0,0,0,0,0,0,0,0,0,"10,277","6,816",0,0,0,"3,461",0,0,0,0,0,0,0,0,0,0,0,"2,126,094","1,063,126"
103 (2014),9,"897,568","160,392","269,049","40,351","231,246","51,791","2,033","23,425","42,053","13,822","23,499","11,551",1,"14,327","5,093",0,"1,657",0,0,0,0,0,0,0,0,3,0,0,0,0,0,0,0,0,0,0,"6,768",0,0,504,0,"42,727","34,960","7,766",0,0,0,0,0,0,0,0,0,0,0,0,0,0,0,0,0,0,-,0,0,1,"15,939",0,"3,674","5,433",0,"2,865",0,0,0,0,"3,744",0,218,0,0,0,0,0,5,0,0,0,0,0,0,0,0,0,0,0,0,"9,153","6,711",0,0,0,"2,424",9,0,0,0,0,0,0,0,0,0,0,"1,930,762","965,466"
103 (2014),10,"990,199","173,328","302,986","42,147","270,304","56,795","1,453","26,877","39,632","16,021","22,556","11,677",0,"12,921","5,439",0,"2,071",0,0,0,0,0,0,0,0,0,0,0,0,0,0,0,0,0,0,0,"5,794",0,0,198,0,"38,433","32,289","6,144",0,0,0,0,0,0,0,0,0,0,0,0,0,0,0,0,0,0,-,0,0,0,"12,914",0,"3,718","3,791",0,"1,989",0,0,0,0,"3,410",0,1,0,0,0,0,0,2,0,0,0,0,0,3,0,0,0,0,0,0,"8,346","6,505",0,0,0,"1,828",6,0,0,0,0,0,0,0,0,0,0,"2,099,777","1,049,968"
103 (2014),11,"833,452","137,070","248,285","34,723","241,429","47,491","1,230","23,810","34,094","13,884","18,194","9,759",0,"12,093","5,219",0,"1,983",0,0,0,0,0,0,0,0,0,0,0,0,0,3,0,0,0,0,0,"4,133",0,0,52,0,"36,569","32,983","3,586",0,0,0,0,0,0,0,0,0,0,0,0,0,0,0,0,0,0,-,0,0,0,"9,096",0,"2,950","3,015",0,"1,442",0,0,0,0,"1,688",0,0,0,0,0,0,0,0,0,0,0,0,0,0,0,0,0,0,0,0,"7,002","5,575",0,0,0,"1,425",0,0,0,0,0,0,0,0,0,0,0,"1,772,235","886,182"
103 (2014),12,"853,498","153,916","258,093","40,596","216,492","48,094","1,099","29,952","41,885","12,661","16,125","10,411",2,"11,383","6,238",0,"2,201",0,0,0,0,0,0,0,0,0,0,0,0,0,0,0,0,0,0,0,"4,222",0,0,128,0,"38,267","33,658","4,609",0,0,0,0,0,0,0,0,0,0,0,0,0,0,0,0,0,0,-,0,0,0,"6,947",0,"2,532","1,885",0,"1,023",0,3,0,0,"1,504",0,0,0,0,0,0,0,0,0,0,0,0,0,0,0,0,0,0,0,0,"9,682","8,386",0,0,0,"1,296",0,6,6,0,0,0,0,0,0,0,0,"1,816,800","908,657"
104 (2015),1,"857,718","150,728","240,112","39,164","225,116","48,024","1,150","28,241","47,129","15,457","25,955","11,112",7,"11,863","6,267",0,"2,002",1,0,0,0,0,0,0,0,0,0,0,0,0,0,0,0,0,0,0,"5,390",0,0,0,0,"42,415","37,765","4,650",0,0,0,0,0,0,0,0,0,0,0,0,0,0,0,0,0,0,-,0,0,0,"8,166",0,"2,764","2,862",0,"1,335",0,0,0,0,"1,204",0,1,0,0,0,0,0,0,0,0,0,0,0,0,0,0,0,0,0,0,"12,100","10,922",0,5,0,"1,153",0,4,4,0,0,0,0,0,0,0,0,"1,840,786","920,674"
104 (2015),2,"950,739","150,888","230,305","38,721","283,635","53,315","1,469","39,976","51,863","19,014","32,693","16,525",261,"17,148","6,506",0,"2,516",2,1,0,0,0,0,0,0,0,2,0,0,0,2,0,11,0,0,0,"5,885",0,0,0,0,"41,876","37,330","4,546",0,0,0,0,0,0,0,0,0,0,0,0,0,0,0,0,0,0,-,0,0,0,"10,271",0,"3,061","3,668",0,"2,302",0,0,0,0,"1,239",0,0,0,0,0,0,0,1,0,0,0,0,0,0,0,0,0,0,0,0,"12,494","10,742",0,2,0,"1,746",0,0,0,0,0,0,0,0,0,0,0,"2,030,755","1,015,518"
104 (2015),3,"1,010,951","167,656","297,043","40,273","285,122","51,365","1,822","31,245","53,355","14,421","22,161","14,804",1,"16,066","6,448",146,"1,658",1,9,0,0,0,0,0,0,0,7,0,0,0,3,0,32,0,0,0,"7,036",0,265,0,0,"43,303","37,801","5,502",0,0,0,0,0,0,0,0,0,0,0,0,0,0,0,0,0,0,-,0,0,0,"11,384",0,"3,283","4,642",0,"1,581",0,0,0,0,"1,878",0,0,0,0,0,0,0,0,0,0,0,0,0,0,0,0,0,0,0,0,"9,588","8,088",0,0,0,"1,487",0,0,0,0,0,0,0,0,0,0,0,"2,150,427","1,075,244"
104 (2015),4,"1,076,810","164,119","295,645","44,404","346,365","57,222","1,211","32,111","51,242","14,551","23,708","14,838",2,"14,066","4,931",0,"1,516",9,1,0,0,0,0,0,0,0,8,0,0,0,0,0,19,0,0,0,"6,215",0,"4,623",0,0,"42,180","36,298","5,882",0,0,0,0,0,0,0,0,0,0,0,0,0,0,0,0,0,0,-,0,0,0,"11,913",1,"3,670","3,790",0,"2,014",0,0,0,0,"2,437",0,0,0,0,0,0,0,1,0,0,0,0,0,0,0,0,0,0,0,0,"8,265","7,339",0,2,0,899,0,0,0,0,0,0,0,0,0,0,0,"2,278,307","1,139,384"
104 (2015),5,"1,083,466","163,570","297,885","41,120","352,263","53,704","1,801","33,166","53,677","15,814","21,348","14,719",2,"14,530","4,706",0,"1,199",2,4,0,0,0,0,0,0,0,6,0,0,0,1,1,33,0,0,0,"7,840",0,"6,073",0,0,"46,860","40,499","6,347",0,14,0,0,0,0,0,0,0,0,0,0,0,0,0,0,0,0,-,0,0,0,"14,621",0,"4,073","5,179",0,"2,442",0,6,0,0,"2,913",0,5,0,0,0,0,0,3,0,0,0,0,0,0,0,0,0,0,0,0,"8,112","7,071",0,0,0,"1,033",0,0,0,0,0,0,0,0,0,0,0,"2,306,108","1,153,079"
104 (2015),6,"1,090,220","183,219","294,294","43,137","356,669","14,896","2,000","33,506","64,864","18,494","26,248","16,136",2,"17,212","4,610",0,"1,224",0,10,0,0,0,0,0,0,0,0,0,0,0,0,0,18,0,0,0,"7,950",0,"5,729",0,0,"55,634","47,232","8,398",0,0,0,0,0,0,0,0,0,0,0,0,0,0,0,0,0,0,-,0,0,0,"19,020",0,"4,223","5,901",0,"3,961",0,0,0,0,"4,111",0,822,0,0,0,0,0,0,0,0,0,0,0,0,0,0,0,0,0,0,"8,565","7,483",0,0,0,"1,078",1,0,0,0,0,0,0,0,0,0,0,"2,346,867","1,173,516"
104 (2015),7,"1,175,786","191,439","315,481","48,597","374,662","10,899","1,638","44,931","65,038","24,913","39,700","19,031",0,"18,707","5,866",0,"1,981",0,0,0,0,0,0,0,0,8,0,0,0,0,0,0,60,0,0,0,"7,007",0,"5,827",0,0,"56,634","49,868","6,766",0,0,0,0,0,0,0,0,0,0,0,0,0,0,0,0,0,0,-,0,0,0,"19,376",0,"3,917","5,563",13,"5,086",0,0,0,0,"3,633",0,"1,164",0,0,0,0,0,0,0,0,0,0,0,0,0,0,0,0,0,0,"9,623","8,225",0,28,0,"1,362",0,7,2,0,0,0,0,0,0,0,0,"2,522,838","1,261,540"
104 (2015),8,"1,080,572","185,245","299,750","46,988","326,325","25,162","1,606","34,010","51,243","22,513","35,035","16,199",2,"17,259","5,980",0,"1,545",0,4,0,0,0,0,0,0,0,0,0,0,0,2,0,5,0,0,0,"6,515",0,"5,183",0,0,"51,541","44,802","6,739",0,0,0,0,0,0,0,0,0,0,0,0,0,0,0,0,0,0,-,0,0,0,"16,535",0,"3,016","5,442",0,"3,446",0,0,0,0,"3,715",0,916,0,0,0,0,0,0,0,0,0,0,0,0,0,0,0,0,0,0,"8,647","7,465",0,0,0,"1,164",0,0,0,0,0,0,0,0,0,0,0,"2,314,571","1,157,371"
104 (2015),9,"998,619","156,391","271,600","43,456","313,415","45,069","2,133","31,047","43,969","16,282","26,262","14,529",0,"14,407","4,995",0,"1,293",1,0,0,0,0,0,0,0,0,0,4,0,0,0,0,0,0,0,0,"7,767",0,"5,997",0,0,"46,318","38,394","7,924",0,0,0,0,0,0,0,0,0,0,0,0,0,0,0,0,0,0,-,0,0,0,"17,993",0,"4,512","5,216",1,"3,730",0,0,0,0,"3,918",0,612,0,0,0,0,0,4,0,0,0,0,0,0,0,0,0,0,0,0,"8,794","7,788",0,0,0,995,7,0,0,0,0,0,0,0,0,0,0,"2,143,442","1,072,009"
104 (2015),10,"1,115,273","182,691","318,599","47,602","351,495","47,012","1,954","33,694","40,896","16,309","25,819","16,192",1,"12,820","5,605",0,"1,801",0,0,0,0,0,0,0,0,0,0,0,0,0,0,0,0,0,0,0,"6,569",0,"6,213",0,0,"41,081","35,795","5,286",0,0,0,0,0,0,0,0,0,0,0,0,0,0,0,0,0,0,-,0,0,0,"14,582",0,"3,752","4,775",0,"2,589",0,0,0,0,"3,464",0,0,0,0,0,0,0,2,0,0,0,0,0,0,0,0,0,0,0,0,"10,166","8,828",0,0,0,"1,330",8,0,0,0,0,0,0,0,0,0,0,"2,362,203","1,181,248"
104 (2015),11,"986,063","153,177","286,248","46,936","307,177","46,032","1,522","33,078","38,467","12,703","20,931","13,176",4,"11,487","5,126",0,"1,472",0,0,0,0,0,0,0,0,0,6,0,0,0,2,0,0,0,0,0,"4,357",0,"4,161",0,0,"41,537","36,969","4,564",0,0,0,0,0,0,0,0,0,0,0,0,0,0,0,0,0,0,-,0,0,4,"10,084",0,"2,519","3,449",0,"1,461",0,0,0,0,"2,651",0,0,0,0,0,0,0,4,0,0,0,0,0,0,0,0,0,0,0,0,"11,152","9,952",3,0,0,"1,197",0,6,0,0,0,2,0,0,0,4,0,"2,097,683","1,048,893"
104 (2015),12,"927,071","159,030","256,958","46,746","275,635","47,400","1,760","34,008","37,780","11,160","18,656","12,830",3,"10,913","5,553",0,"1,792",1,0,0,0,0,0,0,0,0,0,0,0,0,0,0,0,0,0,0,"3,829",0,"3,012",0,0,"38,888","34,403","4,475",7,0,0,0,0,0,0,0,0,0,0,0,0,0,0,0,0,0,-,0,0,0,"7,584",0,"2,395","2,556",0,959,0,0,0,0,"1,672",0,2,0,0,0,0,0,0,0,0,0,0,0,0,0,0,0,0,0,0,"10,884","9,903",0,0,0,977,1,13,10,0,0,0,0,0,0,3,0,"1,968,869","984,500"
105 (2016),1,"1,009,041","160,042","241,113","46,638","331,876","56,236","1,525","34,628","43,681","16,877","31,401","15,620",2,"12,438","5,552",0,"2,568",0,0,0,0,0,0,0,0,11,0,0,0,0,2,0,0,0,0,0,"5,051",1,"3,778",0,0,"53,233","47,275","5,958",0,0,0,0,0,0,0,0,0,0,0,0,0,0,0,0,0,0,-,0,0,0,"8,849",0,"2,851","3,163",0,"1,233",0,2,0,0,"1,595",0,5,0,0,0,0,0,0,0,0,0,0,0,0,0,0,0,0,0,0,"14,744","13,186",180,0,0,"1,378",0,3,2,0,0,0,0,0,0,0,0,"2,171,738","1,085,927"
105 (2016),2,"1,162,395","180,189","298,798","52,543","359,908","57,437","1,984","45,423","53,164","20,713","36,563","18,711",257,"16,789","6,564",0,"2,613",0,21,0,0,0,0,0,0,2,0,0,0,0,0,0,22,0,0,0,"6,011",0,"4,675",0,0,"50,607","44,360","6,247",0,0,0,0,0,0,0,0,0,0,0,0,0,0,0,0,0,0,-,0,0,0,"11,853",0,"3,248","3,567",0,"2,732",0,0,0,0,"2,301",0,5,0,0,0,0,0,0,0,0,0,0,0,0,0,0,0,0,0,0,"15,316","13,557",0,458,0,"1,301",0,40,0,27,0,1,0,0,0,0,0,"2,480,402","1,240,755"
105 (2016),3,"1,029,041","143,266","270,766","42,649","341,162","56,440","1,898","35,528","44,816","16,175","23,333","16,239",2,"13,811","6,095",0,"1,990",8,0,0,0,0,0,0,0,0,0,0,0,0,0,1,0,0,0,0,"5,896",0,"8,928",0,26,"41,910","35,775","6,135",0,0,0,0,0,0,0,0,0,0,0,0,0,0,0,0,0,0,-,0,0,0,"11,730",0,"3,451","4,033",0,"1,642",0,0,0,0,"2,603",0,1,0,0,0,0,0,0,0,0,0,0,0,0,0,0,0,0,0,0,"12,835","11,565",0,0,0,"1,256",0,0,0,0,0,0,0,0,0,0,0,"2,191,006","1,096,211"
105 (2016),4,"1,171,951","170,906","306,441","51,557","394,630","67,144","1,327","37,059","44,058","18,451","26,393","18,676",3,"13,628","4,981",0,"1,639",0,18,0,0,0,0,0,4,0,7,0,0,0,0,0,41,0,0,0,"7,201",0,"7,786",0,0,"43,426","36,653","6,773",0,0,0,0,0,0,0,0,0,0,0,0,0,0,0,0,0,0,-,0,0,0,"10,497",0,"2,858","3,679",0,"1,780",0,0,0,0,"2,175",0,2,0,0,0,0,0,3,0,0,0,0,0,0,0,0,0,0,0,0,"11,238","9,963",0,3,0,"1,247",0,16,2,0,0,0,0,0,0,14,0,"2,474,230","1,237,213"
105 (2016),5,"1,158,372","161,537","315,102","45,974","391,554","63,856","1,510","35,776","43,192","17,878","22,888","18,826",111,"14,617","4,920",0,"2,025",0,0,0,0,0,0,0,0,0,0,0,0,0,1,0,0,0,0,0,"9,858",0,"8,741",0,0,"48,882","41,635","7,247",0,0,0,0,0,0,0,0,0,0,0,0,0,0,0,0,0,0,-,0,0,0,"12,126",0,"3,575","4,054",0,"1,846",0,0,0,0,"2,645",0,0,0,0,0,0,0,6,0,0,0,0,0,0,0,0,0,0,0,0,"10,192","9,132",0,0,0,"1,046",0,0,0,0,0,0,0,0,0,0,0,"2,459,124","1,230,556"
105 (2016),6,"1,275,594","187,887","321,257","54,522","410,889","85,261","1,462","37,861","56,212","21,683","30,573","23,112",2,"15,736","5,087",0,"1,534",2,25,2,0,0,0,0,0,3,0,0,2,0,0,1,1,1,0,1,"11,829",0,"10,640",2,0,"60,223","49,742","10,481",0,0,0,0,0,0,0,0,0,0,0,0,0,0,0,0,0,0,-,0,0,0,"17,200",2,"4,303","5,922",48,"3,130",48,41,57,46,"3,061",4,424,25,7,4,6,14,28,0,0,0,0,0,0,0,18,3,7,0,0,"10,766","9,127",4,0,0,"1,618",1,11,0,7,0,3,0,0,0,0,0,"2,727,562","1,363,849"
105 (2016),7,"1,292,011","165,958","346,297","55,577","409,644","79,681","2,011","51,465","51,037","29,871","35,130","25,752",18,"17,448","6,052",108,"2,254",175,62,173,90,22,221,0,11,121,7,1,39,90,80,4,395,24,0,45,"6,772",0,"5,346",4,1,"58,708","49,953","8,755",0,0,0,0,0,0,0,0,0,0,0,0,0,0,0,0,0,0,-,0,0,0,"31,908",71,"4,294","7,257","1,720","3,747","3,249",992,458,"1,105","3,901",402,"1,442",393,810,135,32,224,372,11,0,9,115,3,0,0,407,433,243,0,15,"14,423","12,745",89,46,0,"1,483",19,186,0,182,0,4,0,0,0,0,0,"2,794,338","1,397,282"
105 (2016),8,"1,161,500","158,045","331,005","51,251","345,359","76,720","2,151","36,267","48,673","27,957","29,773","22,032",9,"14,408","5,805",87,"1,805",182,98,167,88,34,191,0,14,109,5,2,39,107,57,7,470,26,0,35,"5,008",0,"3,460",8,0,"55,264","47,253","7,682",92,85,30,10,2,5,20,1,0,3,1,3,2,8,0,0,9,6,-,11,25,2,"30,293",58,"3,205","7,522","1,550","3,385","2,624",988,435,"1,216","4,332",272,"1,670",311,497,123,54,240,301,33,62,28,26,35,30,0,541,290,301,10,36,"13,463","11,670",141,57,0,"1,531",6,406,81,114,3,2,1,107,15,15,0,"2,521,548","1,260,945"
105 (2016),9,"1,130,100","146,963","312,406","50,411","354,621","70,914","2,313","37,351","47,586","23,134","25,307","21,798",43,"15,711","5,473",84,"1,905",123,152,180,78,26,106,0,8,161,25,0,70,116,42,5,636,47,0,54,"8,447",0,"3,730",35,1,"59,379","48,205","10,566",135,150,22,17,11,7,13,1,4,18,8,1,8,18,0,0,31,17,-,19,123,1,"42,615",84,"5,117","9,379","3,219","3,908","4,314","1,813",371,"1,754","5,517",858,"1,536",417,519,120,147,479,341,34,395,20,54,17,307,1,670,548,309,33,29,"14,152","12,519",154,31,0,"1,342",6,"1,138",370,330,99,0,19,101,18,78,0,"2,494,198","1,247,991"
105 (2016),10,"1,139,336","147,329","345,004","48,577","359,875","71,622","2,033","36,859","34,905","18,877","21,616","18,409",41,"15,094","5,421",116,"2,181",190,191,177,107,25,31,0,10,159,4,2,129,79,56,24,556,103,0,41,"4,700",0,"4,674",51,0,"53,380","41,978","10,721",165,203,29,14,3,15,10,9,9,9,7,7,4,27,1,0,35,21,-,9,81,11,"32,887",56,"4,826","7,012","2,590","2,861","2,402","1,666",145,766,"6,036",429,302,119,320,128,129,637,595,39,282,1,55,7,274,0,257,401,226,62,21,"13,103","12,054",305,23,0,630,20,"1,105",511,272,85,2,34,22,19,23,0,"2,479,091","1,241,307"
105 (2016),11,"1,020,381","133,372","312,770","46,799","310,510","61,754","2,054","37,400","31,481","17,299","18,933","16,735",21,"13,670","5,296",114,"2,377",140,200,164,135,24,13,0,7,170,6,2,180,101,50,14,880,92,0,43,"3,917",0,"3,607",11,0,"51,260","43,158","7,401",162,121,90,22,13,9,24,14,1,8,12,15,3,24,2,0,13,32,-,9,107,0,"25,904",50,"4,819","6,676","1,992","2,337","1,641","1,331",122,341,"4,648",62,133,20,135,36,137,336,131,7,65,2,7,8,39,1,159,222,125,38,53,"14,167","12,505","1,008",27,0,559,14,"1,421",311,667,176,23,63,42,10,10,0,"2,225,802","1,113,547"
105 (2016),12,"989,345","147,153","284,518","52,352","285,212","61,355","2,131","40,327","33,982","16,383","18,005","15,891",31,"12,388","6,035",179,"2,305",124,428,126,107,28,14,0,12,199,1,0,99,165,56,5,995,59,0,47,"4,376",0,"4,199",18,0,"46,919","41,112","5,439",72,82,67,9,7,7,8,6,0,6,6,2,0,20,1,2,12,21,-,10,19,2,"22,225",36,"3,914","4,190","1,935","4,250","2,043",772,199,301,"3,120",30,162,78,81,27,34,180,137,6,31,6,4,8,7,1,122,286,152,11,5,"13,327","11,478",923,51,0,812,7,880,120,527,51,7,29,18,16,20,0,"2,145,098","1,073,340"
106 (2017),1,"1,039,805","130,856","244,084","43,339","347,036","66,289","2,603","49,468","40,361","23,153","31,412","22,703",262,"17,317","5,623",76,"2,910",401,162,171,97,22,6,0,2,284,25,0,115,92,53,3,781,154,0,36,"6,509",0,"3,300",30,0,"62,612","54,682","7,436",80,95,62,21,12,9,8,22,1,12,12,5,0,39,0,1,10,7,-,4,61,2,"29,208",64,"4,900","5,885","2,796","4,844","2,646","1,601",490,481,"3,258",41,187,152,112,51,113,447,211,11,41,8,11,0,55,0,152,280,207,9,16,"16,437","14,705",644,277,0,758,17,"1,865",327,927,275,18,27,43,7,44,0,"2,299,381","1,150,837"
106 (2017),2,"1,187,260","172,217","328,059","51,969","349,758","73,789","3,329","47,962","44,692","24,393","30,848","21,308",37,"16,385","7,061",157,"2,588",181,210,204,207,31,10,0,7,200,7,0,79,98,63,6,591,85,0,46,"6,175",0,"4,375",15,0,"47,867","41,645","5,566",145,162,44,28,20,16,15,15,10,5,11,11,1,31,1,11,23,9,-,4,75,2,"29,732",43,"5,003","6,195","3,652","4,786","2,070","1,346",388,376,"3,497",85,165,326,132,52,232,186,262,18,43,22,25,1,35,1,159,252,214,14,12,"17,415","15,720",777,18,0,828,15,"1,819",171,"1,174",173,12,32,36,43,54,0,"2,567,730","1,284,579"
106 (2017),3,"1,108,668","140,205","306,038","45,014","351,362","72,580","2,774","42,574","42,582","22,056","22,943","21,126",83,"15,773","6,329",112,"2,148",157,274,133,175,35,21,0,9,231,8,0,53,92,89,7,653,126,0,47,"6,596",0,"6,181",21,0,"49,773","41,800","7,219",187,173,51,32,33,26,10,4,3,12,21,16,6,34,1,0,29,24,-,4,71,6,"38,337",67,"6,263","7,869","3,857","6,136","2,559","2,193",272,637,"4,534",245,189,307,210,58,335,467,376,6,237,6,16,8,145,0,123,419,571,35,31,"13,759","12,271",619,83,0,707,9,"1,740",201,"1,006",247,7,78,22,19,39,0,"2,424,125","1,212,728"
106 (2017),4,"1,217,543","142,568","341,117","48,988","419,923","75,268","1,766","45,527","40,780","21,061","24,912","19,949",71,"14,989","6,368",118,"1,913",147,246,158,135,28,30,0,0,155,10,1,110,86,80,5,785,133,0,65,"5,052",0,"4,889",16,0,"51,335","43,398","7,257",99,159,46,25,33,45,16,4,1,5,10,6,5,43,0,9,21,15,-,4,91,0,"35,048",97,"5,129","6,374","3,825","5,889","2,647","1,373",289,542,"4,572",867,431,162,255,87,31,555,306,19,197,5,23,5,191,0,177,370,296,24,83,"13,707","12,603",268,34,0,731,26,"1,181",184,567,222,16,13,11,7,26,0,"2,637,084","1,319,531"
106 (2017),5,"1,237,914","151,960","348,528","49,950","412,299","70,512","1,297","44,978","47,416","23,888","26,225","21,634",19,"16,947","5,926",93,"1,951",147,278,165,120,36,122,0,15,324,0,0,125,95,56,6,850,110,0,60,"6,729",0,"4,916",21,0,"64,305","53,135","10,460",132,154,21,26,33,21,18,29,8,9,12,3,6,38,1,1,21,36,-,5,107,2,"53,888",65,"6,935","10,223","5,244","5,685","5,037","2,519",506,"2,155","6,189","1,675","1,068",399,"1,006",248,164,924,824,37,477,30,137,9,421,0,464,589,383,76,144,"13,258","12,255",140,20,0,763,19,"1,031",223,437,71,14,13,29,15,31,1,"2,740,136","1,371,312"
106 (2017),6,"1,272,308","150,348","353,085","49,553","441,965","76,659","1,168","43,351","51,129","22,978","26,486","18,837",79,"15,895","6,200",85,"1,906",126,201,111,85,16,341,0,8,206,9,2,45,95,35,7,592,22,0,56,"5,444",0,"5,106",32,0,"68,458","54,916","12,949",140,132,28,33,12,6,17,6,2,5,14,4,1,29,1,2,11,36,-,10,67,1,"53,395",155,"6,987","9,732","4,535","6,112","5,718","1,773",911,"2,725","5,313","1,285","1,547",696,"1,227",335,141,551,691,24,736,42,104,18,319,2,426,483,375,61,64,"14,924","13,686",110,39,0,"1,002",22,807,290,135,55,11,3,83,19,42,0,"2,819,162","1,410,713"
106 (2017),7,"1,355,325","160,617","362,466","56,969","448,171","79,080","2,036","56,581","52,442","34,797","37,854","22,920",23,"17,267","7,410",102,"2,154",240,135,276,159,49,403,0,16,230,1,2,65,94,49,2,508,148,0,67,"6,290",0,"5,649",12,0,"64,369","52,697","10,993",128,151,31,36,14,7,19,12,9,14,10,10,1,47,0,3,19,17,-,19,120,0,"44,015",91,"4,980","8,120","3,747","6,016","5,244","1,192",670,"1,567","4,811",622,"1,982",405,928,240,147,519,549,42,286,37,66,30,169,1,431,420,315,57,55,"15,249","13,869",143,74,2,"1,088",14,"1,310",294,142,72,15,46,355,12,44,0,"2,959,818","1,480,440"
106 (2017),8,"1,241,730","154,977","347,289","50,971","388,334","80,131","1,975","47,936","51,157","30,830","32,134","19,051",51,"15,513","7,872",107,"1,858",199,155,198,126,23,423,0,8,246,3,0,71,140,35,5,462,70,0,61,"3,959",0,"5,301",11,0,"61,484","50,666","10,193",127,172,34,17,29,8,9,6,11,26,17,8,0,29,0,1,20,10,-,15,60,0,"40,719",70,"4,432","8,655","2,995","5,397","3,719","1,291",680,"1,972","4,555",682,"1,766",402,849,266,100,423,548,28,212,23,74,28,158,1,504,372,308,14,34,"16,511","15,246",162,50,0,982,22,"1,197",260,138,22,5,4,420,9,71,0,"2,722,730","1,361,761"
106 (2017),9,"1,095,079","128,041","302,646","48,531","346,733","70,211","2,422","41,125","44,038","24,861","26,004","17,003",43,"14,758","6,734",109,"1,735",153,219,245,144,19,153,0,5,215,0,"5,728",197,109,68,19,587,127,0,38,"6,241",0,"5,740",16,0,"62,607","48,301","13,592",137,134,62,23,35,21,12,9,9,17,7,13,7,28,1,0,14,13,-,7,143,1,"58,993",173,"7,255","10,581","5,431","6,723","5,984","2,570",364,"2,646","6,545","1,284","2,172",623,690,250,386,"1,017",462,50,723,23,75,6,485,2,795,648,472,57,27,"14,052","12,960",270,23,1,705,44,"1,201",400,323,142,10,9,81,19,67,0,"2,463,108","1,232,231"
106 (2017),10,"1,285,049","158,145","363,094","48,013","422,446","78,031","2,265","49,707","47,854","29,551","27,297","20,289",45,"13,360","7,766",100,"2,484",150,138,357,132,35,82,0,28,469,5,0,153,85,84,18,567,216,0,36,"5,612",0,"6,346",40,0,"62,084","48,604","12,714",159,149,74,19,15,9,3,14,11,17,9,13,0,71,0,2,28,34,-,14,108,1,"50,399",118,"5,905","9,291","5,709","5,885","4,013","2,340",326,"1,545","7,287",922,"1,048",232,236,143,325,"1,237",471,27,758,10,11,5,467,0,343,598,379,41,34,"16,410","14,966",457,44,0,804,53,"1,704",407,707,269,8,3,60,17,53,0,"2,830,268","1,416,082"
