69,大洋洲合計,1300
69,大洋洲其他,226
69,中東,8438
69,巴西,285
69,日本,173581
69,比利時,138
69,加拿大,1548
69,未列明,0
69,印尼,4507
69,印度,87
69,西班牙,246
69,亞洲合計,402244
69,亞洲其他,169
69,奈及利亞,177
69,法國,586
69,阿根廷,339
69,非洲合計,2773
69,非洲其他,1650
69,南非,946
69,美洲合計,73754
69,美洲其他,2134
69,美國,69448
69,英國,898
69,香港,63812
69,泰國,14956
69,紐西蘭,75
69,馬來西亞,4418
69,荷蘭,206
69,菲律賓,35718
69,新加坡,19563
69,瑞士,207
69,義大利,461
69,德國,1239
69,歐洲合計,4830
69,歐洲其他,849
69,澳大利亞,999
69,韓國,76995
70,大洋洲合計,1779
70,大洋洲其他,288
70,中東,9076
70,巴西,251
70,日本,218486
70,比利時,183
70,加拿大,1741
70,未列明,0
70,印尼,5694
70,印度,128
70,西班牙,367
70,亞洲合計,480673
70,亞洲其他,255
70,奈及利亞,239
70,法國,877
70,阿根廷,719
70,非洲合計,5407
70,非洲其他,2982
70,南非,2186
70,美洲合計,80901
70,美洲其他,1791
70,美國,76399
70,英國,1499
70,香港,72418
70,泰國,15919
70,紐西蘭,123
70,馬來西亞,5035
70,荷蘭,264
70,菲律賓,35170
70,新加坡,20251
70,瑞士,321
70,義大利,683
70,德國,1345
70,歐洲合計,6777
70,歐洲其他,1238
70,澳大利亞,1368
70,韓國,98241
71,大洋洲合計,1444
71,大洋洲其他,221
71,中東,8870
71,巴西,394
71,日本,260414
71,比利時,193
71,加拿大,2046
71,未列明,0
71,印尼,6985
71,印度,125
71,西班牙,294
71,亞洲合計,522434
71,亞洲其他,360
71,奈及利亞,267
71,法國,1427
71,阿根廷,653
71,非洲合計,4870
71,非洲其他,2162
71,南非,2441
71,美洲合計,104135
71,美洲其他,2047
71,美國,98995
71,英國,1261
71,香港,81558
71,泰國,21726
71,紐西蘭,182
71,馬來西亞,8996
71,荷蘭,297
71,菲律賓,42274
71,新加坡,24124
71,瑞士,325
71,義大利,974
71,德國,1275
71,歐洲合計,7786
71,歐洲其他,1740
71,澳大利亞,1041
71,韓國,67002
72,大洋洲合計,1214
72,大洋洲其他,212
72,中東,10152
72,巴西,462
72,日本,256102
72,比利時,258
72,加拿大,2159
72,未列明,0
72,印尼,7693
72,印度,91
72,西班牙,300
72,亞洲合計,545211
72,亞洲其他,430
72,奈及利亞,153
72,法國,1034
72,阿根廷,902
72,非洲合計,3353
72,非洲其他,742
72,南非,2458
72,美洲合計,115874
72,美洲其他,2203
72,美國,110148
72,英國,1843
72,香港,98754
72,泰國,23631
72,紐西蘭,114
72,馬來西亞,10320
72,荷蘭,1735
72,菲律賓,37375
72,新加坡,25656
72,瑞士,336
72,義大利,770
72,德國,1230
72,歐洲合計,8926
72,歐洲其他,1420
72,澳大利亞,888
72,韓國,75007
73,大洋洲合計,1741
73,大洋洲其他,571
73,中東,9447
73,巴西,386
73,日本,292127
73,比利時,162
73,加拿大,2301
73,未列明,0
73,印尼,8221
73,印度,74
73,西班牙,275
73,亞洲合計,594752
73,亞洲其他,930
73,奈及利亞,117
73,法國,1357
73,阿根廷,1473
73,非洲合計,3309
73,非洲其他,763
73,南非,2429
73,美洲合計,139104
73,美洲其他,2252
73,美國,132692
73,英國,1310
73,香港,109075
73,泰國,22619
73,紐西蘭,123
73,馬來西亞,12974
73,荷蘭,2932
73,菲律賓,36549
73,新加坡,29648
73,瑞士,187
73,義大利,573
73,德國,1651
73,歐洲合計,11498
73,歐洲其他,3051
73,澳大利亞,1047
73,韓國,73088
74,大洋洲合計,2735
74,大洋洲其他,748
74,中東,7210
74,巴西,819
74,日本,312173
74,比利時,266
74,加拿大,3147
74,未列明,0
74,印尼,6780
74,印度,95
74,西班牙,397
74,希臘,2411
74,亞洲合計,649584
74,亞洲其他,1517
74,奈及利亞,173
74,法國,1333
74,阿根廷,2031
74,非洲合計,2986
74,非洲其他,821
74,南非,1992
74,美洲合計,173188
74,美洲其他,3030
74,美國,164161
74,英國,2090
74,香港,118405
74,泰國,30467
74,紐西蘭,154
74,馬來西亞,17150
74,荷蘭,4526
74,菲律賓,34303
74,奧地利,3576
74,新加坡,31212
74,瑞士,235
74,義大利,747
74,德國,1901
74,歐洲合計,18296
74,歐洲其他,814
74,澳大利亞,1833
74,韓國,90272
75,大洋洲合計,3475
75,大洋洲其他,708
75,中東,4182
75,巴西,763
75,日本,253524
75,比利時,206
75,加拿大,3074
75,未列明,0
75,印尼,7058
75,印度,111
75,西班牙,398
75,希臘,1606
75,亞洲合計,627134
75,亞洲其他,1735
75,奈及利亞,140
75,法國,1480
75,阿根廷,2114
75,非洲合計,3410
75,非洲其他,790
75,南非,2480
75,美洲合計,162137
75,美洲其他,2724
75,美國,153462
75,英國,1720
75,香港,121427
75,泰國,63271
75,紐西蘭,148
75,馬來西亞,30841
75,荷蘭,4626
75,菲律賓,32510
75,奧地利,2940
75,新加坡,30831
75,瑞士,329
75,義大利,718
75,德國,1845
75,歐洲合計,16772
75,歐洲其他,904
75,澳大利亞,2619
75,韓國,81644
76,大洋洲合計,4086
76,大洋洲其他,642
76,中東,3864
76,巴西,634
76,日本,295007
76,比利時,217
76,加拿大,3674
76,未列明,0
76,印尼,16035
76,印度,111
76,西班牙,282
76,希臘,3102
76,亞洲合計,849516
76,亞洲其他,3041
76,奈及利亞,115
76,法國,2339
76,阿根廷,1966
76,非洲合計,5069
76,非洲其他,875
76,南非,4079
76,美洲合計,173067
76,美洲其他,2526
76,美國,164267
76,英國,2712
76,香港,195501
76,泰國,115472
76,紐西蘭,226
76,馬來西亞,45411
76,荷蘭,9230
76,菲律賓,36866
76,奧地利,4131
76,新加坡,40194
76,瑞士,410
76,義大利,1248
76,德國,1951
76,歐洲合計,26672
76,歐洲其他,1050
76,澳大利亞,3218
76,韓國,98014
77,大洋洲合計,4781
77,大洋洲其他,631
77,中東,2862
77,巴西,748
77,日本,340488
77,比利時,314
77,加拿大,5132
77,未列明,0
77,印尼,18994
77,印度,94
77,西班牙,317
77,希臘,1538
77,亞洲合計,1374976
77,亞洲其他,2721
77,奈及利亞,78
77,法國,1610
77,阿根廷,1792
77,非洲合計,6652
77,非洲其他,822
77,南非,5752
77,美洲合計,193304
77,美洲其他,2230
77,美國,183402
77,英國,1905
77,香港,621846
77,泰國,154853
77,紐西蘭,342
77,馬來西亞,42251
77,荷蘭,9277
77,菲律賓,44309
77,奧地利,3192
77,新加坡,45989
77,瑞士,316
77,義大利,922
77,德國,1774
77,歐洲合計,22279
77,歐洲其他,1114
77,澳大利亞,3808
77,韓國,100569
78,大洋洲合計,1134
78,大洋洲其他,78
78,中東,1334
78,巴西,165
78,日本,474245
78,比利時,20
78,加拿大,1283
78,未列明,0
78,印尼,23301
78,印度,18
78,西班牙,33
78,希臘,621
78,亞洲合計,1915893
78,亞洲其他,1945
78,奈及利亞,10
78,法國,241
78,阿根廷,131
78,非洲合計,12829
78,非洲其他,1608
78,南非,11211
78,美洲合計,159408
78,美洲其他,264
78,美國,157565
78,英國,469
78,香港,810977
78,泰國,258668
78,紐西蘭,147
78,馬來西亞,59936
78,荷蘭,13897
78,菲律賓,80678
78,奧地利,2770
78,新加坡,70924
78,瑞士,35
78,義大利,75
78,德國,226
78,歐洲合計,18549
78,歐洲其他,162
78,澳大利亞,909
78,韓國,133867
79,大洋洲合計,428
79,大洋洲其他,1
79,中東,1038
79,巴西,115
79,日本,591495
79,比利時,15
79,加拿大,1886
79,未列明,0
79,印尼,32397
79,印度,126
79,西班牙,13
79,希臘,10
79,亞洲合計,2669545
79,亞洲其他,2378
79,奈及利亞,2
79,法國,195
79,阿根廷,18
79,非洲合計,12955
79,非洲其他,268
79,南非,12685
79,美洲合計,241519
79,美洲其他,175
79,美國,239325
79,英國,404
79,香港,1245764
79,泰國,355962
79,紐西蘭,47
79,馬來西亞,57074
79,荷蘭,14942
79,菲律賓,65250
79,奧地利,1908
79,新加坡,96607
79,瑞士,8
79,義大利,56
79,德國,187
79,歐洲合計,17869
79,歐洲其他,131
79,澳大利亞,380
79,韓國,221454
80,大洋洲合計,7894
80,大洋洲其他,1
80,中東,1088
80,巴西,193
80,日本,653242
80,比利時,5
80,加拿大,15671
80,未列明,0
80,印尼,80386
80,印度,178
80,西班牙,61
80,希臘,0
80,亞洲合計,3039090
80,亞洲其他,1531
80,奈及利亞,5
80,法國,286
80,阿根廷,405
80,非洲合計,14749
80,非洲其他,231
80,南非,14513
80,美洲合計,284062
80,美洲其他,209
80,美國,267584
80,英國,701
80,香港,1368295
80,泰國,346310
80,紐西蘭,1231
80,馬來西亞,79820
80,荷蘭,14823
80,菲律賓,69527
80,奧地利,3436
80,新加坡,153811
80,瑞士,13
80,義大利,36
80,德國,698
80,歐洲合計,20281
80,歐洲其他,222
80,澳大利亞,6662
80,韓國,284902
81,大洋洲合計,46567
81,大洋洲其他,216
81,中東,619
81,巴西,29
81,日本,748112
81,比利時,8
81,加拿大,32776
81,未列明,0
81,印尼,110560
81,印度,1
81,西班牙,135
81,希臘,4
81,亞洲合計,3794401
81,亞洲其他,30041
81,奈及利亞,4
81,法國,415
81,阿根廷,821
81,非洲合計,17359
81,非洲其他,121
81,南非,17234
81,美洲合計,320678
81,美洲其他,86
81,美國,286966
81,英國,819
81,香港,1747404
81,泰國,359827
81,紐西蘭,7870
81,馬來西亞,136248
81,荷蘭,25104
81,菲律賓,139099
81,奧地利,8430
81,新加坡,220306
81,瑞士,124
81,義大利,129
81,德國,334
81,歐洲合計,35729
81,歐洲其他,227
81,澳大利亞,38481
81,韓國,302184
82,大洋洲合計,86497
82,大洋洲其他,124
82,中東,502
82,巴西,205
82,日本,737100
82,比利時,33
82,加拿大,43392
82,未列明,0
82,印尼,135729
82,印度,105
82,西班牙,96
82,希臘,0
82,亞洲合計,4089642
82,亞洲其他,71780
82,奈及利亞,6
82,法國,4720
82,阿根廷,281
82,非洲合計,15879
82,非洲其他,200
82,南非,15673
82,美洲合計,416026
82,美洲其他,398
82,美國,371750
82,英國,10250
82,香港,1934831
82,泰國,462823
82,紐西蘭,12122
82,馬來西亞,169090
82,荷蘭,23044
82,菲律賓,190748
82,奧地利,6473
82,新加坡,255542
82,瑞士,18
82,義大利,77
82,德國,1439
82,歐洲合計,46392
82,歐洲其他,242
82,澳大利亞,74251
82,韓國,131392
83,大洋洲合計,119662
83,大洋洲其他,77
83,中東,2588
83,巴西,163
83,日本,676944
83,比利時,25
83,加拿大,62166
83,未列明,63124
83,印尼,181351
83,印度,11
83,西班牙,71
83,希臘,3
83,亞洲合計,3962965
83,亞洲其他,151182
83,奈及利亞,5
83,法國,23436
83,阿根廷,281
83,非洲合計,15101
83,非洲其他,77
83,南非,15019
83,美洲合計,518003
83,美洲其他,1469
83,美國,453924
83,英國,11348
83,香港,1745182
83,泰國,415005
83,紐西蘭,14380
83,馬來西亞,170395
83,荷蘭,18115
83,菲律賓,173321
83,奧地利,7023
83,新加坡,324133
83,瑞士,29
83,義大利,258
83,德國,5102
83,歐洲合計,65579
83,歐洲其他,169
83,澳大利亞,105205
83,韓國,122853
84,大洋洲合計,138959
84,大洋洲其他,0
84,中東,4052
84,巴西,0
84,日本,498565
84,比利時,0
84,加拿大,68805
84,未列明,206413
84,印尼,168840
84,印度,0
84,西班牙,0
84,希臘,0
84,亞洲合計,4102884
84,亞洲其他,296353
84,奈及利亞,0
84,法國,20457
84,阿根廷,0
84,非洲合計,14062
84,非洲其他,0
84,南非,14062
84,美洲合計,592548
84,美洲其他,833
84,美國,522910
84,英國,36505
84,香港,1909593
84,泰國,402828
84,紐西蘭,28210
84,馬來西亞,200611
84,荷蘭,28804
84,菲律賓,184129
84,奧地利,10489
84,新加坡,336954
84,瑞士,6215
84,義大利,7391
84,德國,23707
84,歐洲合計,133792
84,歐洲其他,224
84,澳大利亞,110749
84,韓國,100959
85,大洋洲合計,119445
85,大洋洲其他,0
85,巴拿馬,0
85,日本,600146
85,加拿大,92223
85,未列明,360742
85,印尼,212884
85,汶萊,3742
85,亞洲合計,4378294
85,亞洲其他,108711
85,帛琉,8960
85,法國,26506
85,非洲合計,15283
85,南非,15283
85,美洲合計,674536
85,美洲其他,2825
85,美國,579488
85,英國,42202
85,香港,2135092
85,泰國,372005
85,紐西蘭,50150
85,馬來西亞,221639
85,荷蘭,30982
85,菲律賓,184294
85,越南,158964
85,奧地利,0
85,新加坡,287215
85,瑞士,10226
85,義大利,15661
85,德國,39658
85,歐洲合計,165235
85,歐洲其他,0
85,緬甸,0
85,墨西哥,0
85,澳大利亞,60335
85,澳門,0
85,韓國,93602
86,大洋洲合計,89635
86,日本,651597
86,加拿大,116651
86,未列明,554976
86,印尼,202095
86,沙烏地阿拉伯,873
86,汶萊,4452
86,亞洲合計,4622845
86,亞洲其他,385
86,帛琉,5355
86,法國,24477
86,非洲合計,1387
86,南非,1387
86,美洲合計,705567
86,美國,588916
86,英國,39466
86,香港,1948356
86,泰國,343182
86,紐西蘭,49398
86,馬來西亞,245599
86,荷蘭,47799
86,菲律賓,200097
86,越南,146627
86,新加坡,284381
86,瑞士,12829
86,義大利,16564
86,德國,46387
86,歐洲合計,187522
86,緬甸,8867
86,澳大利亞,34882
86,澳門,498090
86,韓國,88244
87,大洋洲合計,83698
87,大洋洲其他,112
87,日本,674089
87,加拿大,127393
87,未列明,470298
87,印尼,141740
87,汶萊,2336
87,亞洲合計,4457945
87,亞洲其他,88
87,帛琉,9883
87,法國,28545
87,美洲合計,704571
87,美國,577178
87,英國,35457
87,香港,1746424
87,泰國,362346
87,紐西蘭,38391
87,馬來西亞,253181
87,荷蘭,66909
87,菲律賓,188163
87,越南,140782
87,奧地利,3964
87,新加坡,261125
87,瑞士,11621
87,義大利,12003
87,德國,36924
87,歐洲合計,195871
87,歐洲其他,448
87,緬甸,25655
87,澳大利亞,35312
87,澳門,574973
87,韓國,87043
88,大洋洲合計,96966
88,大洋洲其他,0
88,日本,720903
88,加拿大,169897
88,未列明,534524
88,印尼,150430
88,汶萊,3779
88,亞洲合計,4968220
88,亞洲其他,85
88,帛琉,9936
88,法國,21468
88,美洲合計,733888
88,美國,563991
88,英國,36393
88,香港,1958946
88,泰國,424926
88,紐西蘭,28933
88,馬來西亞,254225
88,荷蘭,107682
88,菲律賓,139842
88,越南,169201
88,奧地利,20428
88,新加坡,242691
88,瑞士,16794
88,義大利,12864
88,德國,9436
88,歐洲合計,225065
88,歐洲其他,0
88,緬甸,26117
88,澳大利亞,58097
88,澳門,787750
88,韓國,89325
89,大洋洲合計,116538
89,日本,811388
89,加拿大,181409
89,未列明,253635
89,印尼,221286
89,汶萊,9105
89,亞洲合計,5853619
89,亞洲其他,3435
89,帛琉,13885
89,法國,22958
89,美洲合計,832543
89,美國,651134
89,英國,40277
89,香港,2311095
89,泰國,557184
89,紐西蘭,50779
89,馬來西亞,299664
89,荷蘭,137021
89,菲律賓,38933
89,越南,199470
89,奧地利,22874
89,新加坡,234339
89,瑞士,20256
89,義大利,15138
89,德國,13925
89,歐洲合計,272449
89,緬甸,26251
89,澳大利亞,51874
89,澳門,1032638
89,韓國,108831
90,大洋洲合計,131810
90,大洋洲其他,0
90,日本,765247
90,加拿大,141893
90,未列明,141420
90,印尼,233636
90,汶萊,8611
90,亞洲合計,5959082
90,亞洲其他,8955
90,帛琉,13680
90,法國,24745
90,非洲合計,0
90,非洲其他,0
90,南非,0
90,美洲合計,673906
90,美洲其他,3
90,美國,532010
90,英國,19487
90,香港,2320843
90,泰國,558173
90,紐西蘭,30703
90,馬來西亞,248552
90,荷蘭,135484
90,菲律賓,100014
90,越南,191948
90,奧地利,19883
90,新加坡,210982
90,瑞士,15654
90,義大利,15625
90,德國,15494
90,歐洲合計,246659
90,歐洲其他,287
90,緬甸,21923
90,澳大利亞,87427
90,澳門,1174575
90,韓國,115623
91,大洋洲合計,121711
91,大洋洲其他,0
91,日本,797460
91,加拿大,132605
91,未列明,118789
91,印尼,259610
91,汶萊,5850
91,亞洲合計,6169631
91,亞洲其他,15895
91,帛琉,15812
91,法國,28967
91,非洲合計,0
91,南非,0
91,美洲合計,664794
91,美洲其他,9
91,美國,532180
91,英國,25764
91,香港,2418872
91,泰國,530945
91,紐西蘭,35758
91,馬來西亞,186791
91,荷蘭,129124
91,菲律賓,128158
91,越南,225733
91,奧地利,24654
91,新加坡,190455
91,瑞士,4
91,義大利,16346
91,德國,18911
91,歐洲合計,244541
91,歐洲其他,771
91,緬甸,19814
91,澳大利亞,70141
91,澳門,1269840
91,韓國,120208
92,大洋洲合計,123886
92,大洋洲其他,0
92,日本,731330
92,加拿大,95226
92,未列明,159724
92,印尼,251284
92,汶萊,3770
92,亞洲合計,4852745
92,亞洲其他,9234
92,帛琉,28388
92,法國,24245
92,非洲合計,0
92,南非,0
92,美洲合計,574501
92,美洲其他,11
92,美國,479264
92,英國,23432
92,香港,1869069
92,泰國,392414
92,紐西蘭,24819
92,馬來西亞,121267
92,荷蘭,105885
92,菲律賓,91418
92,越南,222487
92,奧地利,21754
92,新加坡,125491
92,瑞士,2
92,義大利,16367
92,德國,20524
92,歐洲合計,212216
92,歐洲其他,7
92,緬甸,17152
92,澳大利亞,70679
92,澳門,837936
92,韓國,179893
93,大洋洲合計,138913
93,大洋洲其他,0
93,日本,1051954
93,加拿大,112413
93,未列明,304234
93,印尼,283757
93,汶萊,5795
93,亞洲合計,6428530
93,亞洲其他,31097
93,帛琉,41909
93,法國,26423
93,非洲合計,0
93,南非,0
93,美洲合計,648630
93,美洲其他,0
93,美國,536217
93,英國,34071
93,香港,2559705
93,泰國,422189
93,紐西蘭,21047
93,馬來西亞,180883
93,荷蘭,128162
93,菲律賓,112552
93,越南,266115
93,奧地利,22045
93,新加坡,160088
93,瑞士,0
93,義大利,24484
93,德國,25160
93,歐洲合計,260345
93,歐洲其他,0
93,緬甸,18064
93,澳大利亞,75957
93,澳門,1038006
93,韓國,298325
94,大洋洲合計,139666
94,大洋洲其他,0
94,日本,1180406
94,加拿大,104346
94,未列明,363672
94,印尼,185348
94,汶萊,296
94,亞洲合計,6740421
94,亞洲其他,52211
94,帛琉,31012
94,法國,26696
94,非洲合計,0
94,南非,0
94,美洲合計,683344
94,美洲其他,0
94,美國,578998
94,英國,33831
94,香港,2807027
94,泰國,268231
94,紐西蘭,20742
94,馬來西亞,161296
94,荷蘭,121728
94,菲律賓,119125
94,越南,234009
94,奧地利,39047
94,新加坡,184926
94,瑞士,0
94,義大利,25809
94,德國,33911
94,歐洲合計,281022
94,歐洲其他,0
94,緬甸,15518
94,澳大利亞,87912
94,澳門,1163822
94,韓國,368206
95,大洋洲合計,124604
95,大洋洲其他,0
95,日本,1214058
95,加拿大,93244
95,未列明,352526
95,印尼,186165
95,汶萊,276
95,亞洲合計,7248944
95,亞洲其他,92672
95,帛琉,26685
95,法國,29287
95,非洲合計,0
95,南非,0
95,美洲合計,687038
95,美洲其他,0
95,美國,593794
95,英國,39255
95,香港,2993317
95,泰國,379275
95,紐西蘭,21495
95,馬來西亞,181911
95,荷蘭,93422
95,菲律賓,110041
95,越南,242852
95,奧地利,42096
95,新加坡,204834
95,瑞士,0
95,義大利,20552
95,德國,33651
95,歐洲合計,258263
95,歐洲其他,0
95,緬甸,14606
95,澳大利亞,76424
95,澳門,1232232
95,韓國,396705
96,大洋洲合計,121340
96,大洋洲其他,129
96,日本,1280853
96,加拿大,87161
96,未列明,480264
96,印尼,201358
96,汶萊,670
96,亞洲合計,7442577
96,亞洲其他,151278
96,帛琉,28238
96,法國,27973
96,非洲合計,1
96,南非,1
96,美洲合計,675033
96,美洲其他,0
96,美國,587872
96,英國,38310
96,香港,3030971
96,泰國,353439
96,紐西蘭,17565
96,馬來西亞,187788
96,荷蘭,85352
96,菲律賓,107824
96,越南,272020
96,奧地利,38107
96,新加坡,189835
96,瑞士,0
96,義大利,17175
96,德國,37105
96,歐洲合計,244497
96,歐洲其他,475
96,緬甸,13336
96,澳大利亞,75408
96,澳門,1196110
96,韓國,457095
97,三托,0
97,千里達及托貝哥,0
97,土耳其,198
97,土庫曼,0
97,大洋洲地區,93221
97,大洋洲其他地區,28
97,大溪地,0
97,不丹,5655
97,中東,3987
97,中東其他地區,0
97,中非共和國,0
97,中美洲地區,0
97,中國大陸,188744
97,中華民國,0
97,丹麥,0
97,厄瓜多爾,0
97,巴布亞新幾內亞,0
97,巴西,0
97,巴貝多,0
97,巴拉圭,0
97,巴林,0
97,巴哈馬,0
97,巴拿馬,0
97,巴基斯坦,0
97,日本,1309847
97,比利時,0
97,牙買加,0
97,以色列,812
97,加拿大,65393
97,加彭,0
97,北非地區,0
97,北美洲地區,537312
97,北韓,159
97,卡達,0
97,古巴,0
97,史瓦濟蘭,0
97,尼日,0
97,尼加拉瓜,0
97,尼泊爾,0
97,布吉納法索,0
97,瓜地馬拉,0
97,甘比亞,0
97,白俄羅斯,0
97,立陶宛,0
97,伊拉克,977
97,伊朗,359
97,冰島,0
97,列支敦斯登,0
97,匈牙利,0
97,印尼,186117
97,印度,14256
97,吉布地,0
97,吉里巴斯,23
97,吉爾吉斯,0
97,吐瓦魯,0
97,多明尼加,0
97,多哥,0
97,安哥拉,0
97,安道爾,1
97,百慕達,0
97,衣索匹亞,0
97,西班牙,0
97,西撒哈拉,0
97,西歐地區,224997
97,西薩摩亞,0
97,克羅埃西亞,0
97,利比亞,0
97,宏都拉斯,0
97,希臘,0
97,沙烏地阿拉伯,1
97,汶萊,1233
97,貝里斯,0
97,貝南,0
97,赤道幾內亞,0
97,辛巴威,0
97,亞洲地區,6973043
97,亞美尼亞,0
97,亞塞拜然,0
97,其他地區,592862
97,坦桑尼亞,0
97,奈及利亞,2
97,委內瑞拉,0
97,孟加拉,0
97,尚比亞,0
97,帛琉,15918
97,拉脫維亞,0
97,東加,0
97,東北亞地區,5639261
97,東南亞地區,1309397
97,東德,0
97,東歐地區,26
97,波士尼亞,0
97,波札那,0
97,波多黎各,0
97,波蘭,0
97,法國,442
97,肯亞,0
97,芬蘭,0
97,阿拉伯聯合大公國,14
97,阿根廷,0
97,阿曼,4
97,阿富汗(觀光),1176
97,阿爾及利亞,0
97,阿爾巴尼亞,0
97,非洲地區,40
97,非洲其他地區,0
97,保加利亞,0
97,俄羅斯,6
97,南亞地區,20027
97,南亞其他地區,0
97,南非,38
97,南非地區,40
97,南美洲地區,0
97,南美洲其他地區,0
97,南斯拉夫,0
97,南葉門,0
97,哈薩克,0
97,東帝汶,945
97,柬埔寨,51480
97,查德,0
97,玻利維亞,0
97,科威特,203
97,突尼西亞,0
97,約旦,0
97,美洲地區,580983
97,美國,515590
97,茅利塔尼亞,0
97,英國,39114
97,迦納,0
97,香港,2851170
97,剛果共和國,0
97,哥倫比亞,0
97,哥斯達黎加,0
97,埃及,0
97,挪威,0
97,格瑞那達,0
97,泰國,332997
97,海地,0
97,烏干達,0
97,烏克蘭,0
97,烏拉圭,0
97,烏茲別克,0
97,留尼旺,0
97,秘魯,0
97,索馬利亞,0
97,索羅門群島,0
97,紐西蘭,10732
97,馬利,0
97,馬來西亞,157650
97,馬其頓,0
97,馬拉加西,0
97,馬拉威,0
97,馬紹爾,0
97,馬爾他,0
97,馬爾地夫,0
97,密克羅尼西亞,0
97,捷克,1
97,教廷,0
97,敘利亞,0
97,莫三鼻克,0
97,荷蘭,98321
97,喀麥隆,0
97,喬治亞,0
97,幾內亞,0
97,幾內亞比索,0
97,斯里蘭卡,93
97,斯洛凡尼亞,0
97,斯洛伐克,0
97,智利,0
97,菲律賓,114155
97,象牙海岸,0
97,越南,285263
97,塞內加爾,0
97,塞席爾,0
97,塔吉克,0
97,奧地利,34080
97,愛沙尼亞,0
97,愛爾蘭,0
97,新加坡,167479
97,獅子山,0
97,瑞士,169
97,瑞典,0
97,萬那杜,0
97,義大利,14656
97,聖文森,0
97,聖多美及普林西比,0
97,聖克里斯多福,0
97,聖馬利諾,0
97,聖露西亞,0
97,葉門,0
97,葛摩,0
97,葡萄牙,0
97,維德角島,0
97,蒙古,0
97,蒲隆地,0
97,蓋亞納,0
97,裴濟,0
97,寮國,1470
97,德國,38205
97,摩洛哥,0
97,摩納哥,0
97,摩爾多瓦,25
97,模里西斯,0
97,歐洲地區,225023
97,緬甸,10608
97,黎巴嫩,141
97,墨西哥,0
97,澳門,926593
97,澳洲,66543
97,獨立國協,0
97,盧安達,0
97,盧森堡,3
97,諾魯,0
97,賴比瑞亞,0
97,賴索托,0
97,聯合國,0
97,賽普勒斯,100
97,韓國,363122
97,薩伊,0
97,薩爾瓦多,0
97,羅馬尼亞,0
97,蘇丹,0
97,蘇利南,0
97,蘇聯(觀光),0
98,三托,0
98,千里達及托貝哥,0
98,土耳其,0
98,土庫曼,0
98,大洋洲地區,103115
98,大洋洲其他地區,0
98,大溪地,0
98,不丹,5529
98,中東,1043
98,中東其他地區,0
98,中非共和國,0
98,中美洲地區,109
98,中國大陸,1516087
98,中華民國,0
98,丹麥,0
98,厄瓜多爾,0
98,巴布亞新幾內亞,30
98,巴西,0
98,巴貝多,0
98,巴拉圭,0
98,巴林,0
98,巴哈馬,2
98,巴拿馬,107
98,巴基斯坦,0
98,日本,1113857
98,比利時,0
98,牙買加,0
98,以色列,0
98,加拿大,61893
98,加彭,0
98,北非地區,0
98,北美洲地區,445399
98,北韓,0
98,卡達,0
98,古巴,0
98,史瓦濟蘭,0
98,尼日,0
98,尼加拉瓜,0
98,尼泊爾,183
98,布吉納法索,0
98,瓜地馬拉,0
98,甘比亞,0
98,白俄羅斯,0
98,立陶宛,0
98,伊拉克,5
98,伊朗,0
98,冰島,0
98,列支敦斯登,0
98,匈牙利,0
98,印尼,173429
98,印度,11261
98,吉布地,0
98,吉里巴斯,0
98,吉爾吉斯,0
98,吐瓦魯,0
98,多明尼加,0
98,多哥,0
98,安哥拉,1
98,安道爾,0
98,百慕達,0
98,衣索匹亞,0
98,西班牙,0
98,西撒哈拉,0
98,西歐地區,236596
98,西薩摩亞,8
98,克羅埃西亞,0
98,利比亞,0
98,宏都拉斯,0
98,希臘,0
98,沙烏地阿拉伯,294
98,汶萊,216
98,貝里斯,0
98,貝南,0
98,赤道幾內亞,0
98,辛巴威,0
98,亞洲地區,7179431
98,亞美尼亞,0
98,亞塞拜然,0
98,其他地區,143312
98,坦桑尼亞,2835
98,奈及利亞,0
98,委內瑞拉,0
98,孟加拉,0
98,尚比亞,0
98,帛琉,13264
98,拉脫維亞,0
98,東加,0
98,東北亞地區,6019117
98,東南亞地區,1141666
98,東德,0
98,東歐地區,186
98,波士尼亞,0
98,波札那,0
98,波多黎各,0
98,波蘭,0
98,法國,23518
98,肯亞,0
98,芬蘭,0
98,阿拉伯聯合大公國,35
98,阿根廷,0
98,阿曼,0
98,阿富汗(觀光),293
98,阿爾及利亞,0
98,阿爾巴尼亞,0
98,非洲地區,2838
98,非洲其他地區,0
98,保加利亞,0
98,俄羅斯,0
98,南亞地區,17605
98,南亞其他地區,0
98,南非,0
98,南非地區,2838
98,南美洲地區,1
98,南美洲其他地區,0
98,南斯拉夫,0
98,南葉門,0
98,哈薩克,0
98,東帝汶,356
98,柬埔寨,44231
98,查德,0
98,玻利維亞,0
98,科威特,240
98,突尼西亞,0
98,約旦,18
98,美洲地區,477468
98,美國,415465
98,茅利塔尼亞,0
98,英國,50621
98,迦納,0
98,香港,2261001
98,剛果共和國,0
98,哥倫比亞,0
98,哥斯達黎加,0
98,埃及,0
98,挪威,0
98,格瑞那達,0
98,泰國,258449
98,海地,0
98,烏干達,0
98,烏克蘭,0
98,烏拉圭,0
98,烏茲別克,0
98,留尼旺,0
98,秘魯,0
98,索馬利亞,0
98,索羅門群島,2
98,紐西蘭,1
98,馬利,0
98,馬來西亞,153695
98,馬其頓,0
98,馬拉加西,0
98,馬拉威,0
98,馬紹爾,16
98,馬爾他,0
98,馬爾地夫,12
98,密克羅尼西亞,0
98,捷克,3
98,教廷,0
98,敘利亞,0
98,莫三鼻克,0
98,荷蘭,84535
98,喀麥隆,0
98,喬治亞,0
98,幾內亞,0
98,幾內亞比索,0
98,斯里蘭卡,620
98,斯洛凡尼亞,0
98,斯洛伐克,0
98,智利,1
98,菲律賓,97372
98,象牙海岸,0
98,越南,264819
98,塞內加爾,0
98,塞席爾,0
98,塔吉克,0
98,奧地利,34829
98,愛沙尼亞,0
98,愛爾蘭,0
98,新加坡,137348
98,獅子山,0
98,瑞士,565
98,瑞典,0
98,萬那杜,1
98,義大利,9726
98,聖文森,0
98,聖多美及普林西比,0
98,聖克里斯多福,0
98,聖馬利諾,0
98,聖露西亞,0
98,葉門,0
98,葛摩,0
98,葡萄牙,0
98,維德角島,0
98,蒙古,103
98,蒲隆地,0
98,蓋亞納,0
98,裴濟,0
98,寮國,181
98,德國,32797
98,摩洛哥,0
98,摩納哥,0
98,摩爾多瓦,0
98,模里西斯,0
98,歐洲地區,236782
98,緬甸,11570
98,黎巴嫩,41
98,墨西哥,0
98,澳門,739263
98,澳洲,89793
98,獨立國協,0
98,盧安達,0
98,盧森堡,5
98,諾魯,0
98,賴比瑞亞,2
98,賴索托,0
98,聯合國,0
98,賽普勒斯,117
98,韓國,388806
98,薩伊,0
98,薩爾瓦多,0
98,羅馬尼亞,183
98,蘇丹,0
98,蘇利南,0
98,蘇聯(觀光),0
99,三托,0
99,千里達及托貝哥,0
99,土耳其,0
99,土庫曼,0
99,大洋洲地區,95845
99,大洋洲其他地區,0
99,大溪地,0
99,不丹,9114
99,中東,2442
99,中東其他地區,48
99,中非共和國,0
99,中美洲地區,71
99,中國大陸,2424242
99,中華民國,0
99,丹麥,0
99,厄瓜多爾,0
99,巴布亞新幾內亞,0
99,巴西,9
99,巴貝多,0
99,巴拉圭,0
99,巴林,0
99,巴哈馬,0
99,巴拿馬,70
99,巴基斯坦,0
99,日本,1377957
99,比利時,0
99,牙買加,0
99,以色列,1
99,加拿大,63002
99,加彭,0
99,北非地區,286
99,北美洲地區,461302
99,北韓,108
99,卡達,0
99,古巴,0
99,史瓦濟蘭,0
99,尼日,0
99,尼加拉瓜,0
99,尼泊爾,0
99,布吉納法索,0
99,瓜地馬拉,0
99,甘比亞,0
99,白俄羅斯,0
99,立陶宛,0
99,伊拉克,28
99,伊朗,478
99,冰島,0
99,列支敦斯登,0
99,匈牙利,0
99,印尼,179845
99,印度,9250
99,吉布地,0
99,吉里巴斯,0
99,吉爾吉斯,0
99,吐瓦魯,0
99,多明尼加,0
99,多哥,0
99,安哥拉,1
99,安道爾,0
99,百慕達,0
99,衣索匹亞,0
99,西班牙,2
99,西撒哈拉,0
99,西歐地區,170892
99,西薩摩亞,18
99,克羅埃西亞,0
99,利比亞,0
99,宏都拉斯,0
99,希臘,0
99,沙烏地阿拉伯,9
99,汶萊,714
99,貝里斯,0
99,貝南,0
99,赤道幾內亞,0
99,辛巴威,0
99,亞洲地區,8642677
99,亞美尼亞,0
99,亞塞拜然,0
99,其他地區,3519
99,坦桑尼亞,817
99,奈及利亞,1
99,委內瑞拉,202
99,孟加拉,0
99,尚比亞,0
99,帛琉,19951
99,拉脫維亞,0
99,東加,64
99,東北亞地區,7185140
99,東南亞地區,1436609
99,東德,0
99,東歐地區,1513
99,波士尼亞,0
99,波札那,0
99,波多黎各,0
99,波蘭,0
99,法國,23960
99,肯亞,0
99,芬蘭,0
99,阿拉伯聯合大公國,14
99,阿根廷,1
99,阿曼,0
99,阿富汗(觀光),583
99,阿爾及利亞,0
99,阿爾巴尼亞,0
99,非洲地區,1110
99,非洲其他地區,0
99,保加利亞,0
99,俄羅斯,0
99,南亞地區,18486
99,南亞其他地區,0
99,南非,0
99,南非地區,824
99,南美洲地區,212
99,南美洲其他地區,0
99,南斯拉夫,0
99,南葉門,0
99,哈薩克,0
99,東帝汶,2323
99,柬埔寨,57078
99,查德,0
99,玻利維亞,0
99,科威特,0
99,突尼西亞,0
99,約旦,1281
99,美洲地區,499518
99,美國,436233
99,茅利塔尼亞,0
99,英國,36142
99,迦納,1
99,香港,2308633
99,剛果共和國,0
99,哥倫比亞,0
99,哥斯達黎加,1
99,埃及,0
99,挪威,0
99,格瑞那達,0
99,泰國,350074
99,海地,0
99,烏干達,0
99,烏克蘭,4
99,烏拉圭,0
99,烏茲別克,0
99,留尼旺,0
99,秘魯,0
99,索馬利亞,0
99,索羅門群島,1
99,紐西蘭,997
99,馬利,0
99,馬來西亞,212509
99,馬其頓,0
99,馬拉加西,0
99,馬拉威,0
99,馬紹爾,1
99,馬爾他,0
99,馬爾地夫,2
99,密克羅尼西亞,0
99,捷克,1
99,教廷,109
99,敘利亞,0
99,莫三鼻克,0
99,荷蘭,43955
99,喀麥隆,0
99,喬治亞,0
99,幾內亞,0
99,幾內亞比索,0
99,斯里蘭卡,120
99,斯洛凡尼亞,0
99,斯洛伐克,0
99,智利,0
99,菲律賓,139762
99,象牙海岸,0
99,越南,313987
99,塞內加爾,0
99,塞席爾,0
99,塔吉克,0
99,奧地利,26081
99,愛沙尼亞,0
99,愛爾蘭,0
99,新加坡,166126
99,獅子山,0
99,瑞士,919
99,瑞典,0
99,萬那杜,4
99,義大利,7719
99,聖文森,0
99,聖多美及普林西比,0
99,聖克里斯多福,0
99,聖馬利諾,0
99,聖露西亞,0
99,葉門,0
99,葛摩,0
99,葡萄牙,16
99,維德角島,0
99,蒙古,0
99,蒲隆地,0
99,蓋亞納,0
99,裴濟,22
99,寮國,94
99,德國,31975
99,摩洛哥,286
99,摩納哥,0
99,摩爾多瓦,0
99,模里西斯,4
99,歐洲地區,172405
99,緬甸,14097
99,黎巴嫩,0
99,墨西哥,0
99,澳門,667910
99,澳洲,74787
99,獨立國協,0
99,盧安達,0
99,盧森堡,10
99,諾魯,0
99,賴比瑞亞,0
99,賴索托,0
99,聯合國,0
99,賽普勒斯,0
99,韓國,406290
99,薩伊,0
99,薩爾瓦多,0
99,羅馬尼亞,1512
99,蘇丹,0
99,蘇利南,0
99,蘇聯(觀光),0
100,三托,0
100,千里達及托貝哥,0
100,土耳其,0
100,土庫曼,0
100,大洋洲地區,101614
100,大洋洲其他地區,0
100,大溪地,2
100,不丹,3683
100,中東,4330
100,中東其他地區,20
100,中非共和國,0
100,中美洲地區,147
100,中國大陸,2846572
100,中華民國,0
100,丹麥,0
100,厄瓜多爾,0
100,巴布亞新幾內亞,9
100,巴西,3
100,巴貝多,0
100,巴拉圭,0
100,巴林,0
100,巴哈馬,4
100,巴拿馬,129
100,巴基斯坦,0
100,日本,1136394
100,比利時,0
100,牙買加,0
100,以色列,2084
100,加拿大,67733
100,加彭,0
100,北非地區,45
100,北美洲地區,427465
100,北韓,0
100,卡達,3
100,古巴,0
100,史瓦濟蘭,0
100,尼日,0
100,尼加拉瓜,0
100,尼泊爾,3
100,布吉納法索,0
100,瓜地馬拉,0
100,甘比亞,0
100,白俄羅斯,9
100,立陶宛,0
100,伊拉克,431
100,伊朗,75
100,冰島,0
100,列支敦斯登,0
100,匈牙利,0
100,印尼,212826
100,印度,7209
100,吉布地,0
100,吉里巴斯,0
100,吉爾吉斯,9
100,吐瓦魯,9
100,多明尼加,0
100,多哥,0
100,安哥拉,0
100,安道爾,0
100,百慕達,0
100,衣索匹亞,0
100,西班牙,1
100,西撒哈拉,0
100,西歐地區,235458
100,西薩摩亞,19
100,克羅埃西亞,0
100,利比亞,0
100,宏都拉斯,10
100,希臘,101
100,沙烏地阿拉伯,56
100,汶萊,1628
100,貝里斯,0
100,貝南,0
100,赤道幾內亞,0
100,辛巴威,0
100,亞洲地區,8762214
100,亞美尼亞,0
100,亞塞拜然,0
100,其他地區,7486
100,坦桑尼亞,0
100,奈及利亞,2
100,委內瑞拉,523
100,孟加拉,0
100,尚比亞,0
100,帛琉,30079
100,拉脫維亞,0
100,東加,0
100,東北亞地區,7150647
100,東南亞地區,1595531
100,東德,0
100,東歐地區,3604
100,波士尼亞,0
100,波札那,0
100,波多黎各,0
100,波蘭,318
100,法國,31337
100,肯亞,0
100,芬蘭,0
100,阿拉伯聯合大公國,141
100,阿根廷,0
100,阿曼,0
100,阿富汗(觀光),475
100,阿爾及利亞,0
100,阿爾巴尼亞,0
100,非洲地區,238
100,非洲其他地區,0
100,保加利亞,155
100,俄羅斯,5
100,南亞地區,11706
100,南亞其他地區,78
100,南非,1
100,南非地區,193
100,南美洲地區,531
100,南美洲其他地區,1
100,南斯拉夫,0
100,南葉門,16
100,哈薩克,0
100,東帝汶,249
100,柬埔寨,67341
100,查德,0
100,玻利維亞,1
100,科威特,78
100,突尼西亞,0
100,約旦,0
100,美洲地區,473259
100,美國,404848
100,茅利塔尼亞,0
100,英國,36376
100,迦納,0
100,香港,2156760
100,剛果共和國,0
100,哥倫比亞,0
100,哥斯達黎加,0
100,埃及,0
100,挪威,0
100,格瑞那達,0
100,泰國,382635
100,海地,0
100,烏干達,0
100,烏克蘭,0
100,烏拉圭,1
100,烏茲別克,0
100,留尼旺,0
100,秘魯,1
100,索馬利亞,1
100,索羅門群島,596
100,紐西蘭,15962
100,馬利,0
100,馬來西亞,209164
100,馬其頓,0
100,馬拉加西,0
100,馬拉威,0
100,馬紹爾,7
100,馬爾他,0
100,馬爾地夫,2
100,密克羅尼西亞,0
100,捷克,3
100,教廷,0
100,敘利亞,0
100,莫三鼻克,0
100,荷蘭,85238
100,喀麥隆,0
100,喬治亞,0
100,幾內亞,0
100,幾內亞比索,0
100,斯里蘭卡,513
100,斯洛凡尼亞,0
100,斯洛伐克,0
100,智利,1
100,菲律賓,178876
100,象牙海岸,0
100,越南,318587
100,塞內加爾,0
100,塞席爾,209
100,塔吉克,0
100,奧地利,35901
100,愛沙尼亞,0
100,愛爾蘭,320
100,新加坡,207808
100,獅子山,0
100,瑞士,1414
100,瑞典,0
100,萬那杜,13
100,義大利,9355
100,聖文森,0
100,聖多美及普林西比,0
100,聖克里斯多福,0
100,聖馬利諾,0
100,聖露西亞,0
100,葉門,173
100,葛摩,188
100,葡萄牙,0
100,維德角島,0
100,蒙古,22
100,蒲隆地,0
100,蓋亞納,0
100,裴濟,37
100,寮國,154
100,德國,35378
100,摩洛哥,0
100,摩納哥,0
100,摩爾多瓦,0
100,模里西斯,0
100,歐洲地區,239062
100,緬甸,16263
100,黎巴嫩,0
100,墨西哥,4
100,澳門,587633
100,澳洲,54889
100,獨立國協,0
100,盧安達,0
100,盧森堡,6
100,諾魯,1
100,賴比瑞亞,2
100,賴索托,0
100,聯合國,0
100,賽普勒斯,778
100,韓國,423266
100,薩伊,0
100,薩爾瓦多,0
100,羅馬尼亞,3128
100,蘇丹,44
100,蘇利南,0
100,蘇聯(觀光),8
101,三托,0
101,千里達及托貝哥,0
101,土耳其,0
101,土庫曼,0
101,大洋洲地區,89166
101,大洋洲其他地區,0
101,大溪地,0
101,不丹,558
101,中東,880
101,中東其他地區,0
101,中非共和國,0
101,中美洲地區,753
101,中國大陸,3139055
101,中華民國,0
101,丹麥,0
101,厄瓜多爾,0
101,巴布亞新幾內亞,0
101,巴西,0
101,巴貝多,0
101,巴拉圭,0
101,巴林,0
101,巴哈馬,0
101,巴拿馬,106
101,巴基斯坦,35
101,日本,1560300
101,比利時,5
101,牙買加,0
101,以色列,203
101,加拿大,66614
101,加彭,187
101,北非地區,0
101,北美洲地區,476933
101,北韓,0
101,卡達,1
101,古巴,0
101,史瓦濟蘭,0
101,尼日,0
101,尼加拉瓜,60
101,尼泊爾,0
101,布吉納法索,132
101,瓜地馬拉,0
101,甘比亞,1249
101,白俄羅斯,0
101,立陶宛,0
101,伊拉克,10
101,伊朗,0
101,冰島,0
101,列支敦斯登,0
101,匈牙利,0
101,印尼,198893
101,印度,6548
101,吉布地,0
101,吉里巴斯,0
101,吉爾吉斯,0
101,吐瓦魯,0
101,多明尼加,0
101,多哥,0
101,安哥拉,23
101,安道爾,2
101,百慕達,0
101,衣索匹亞,0
101,西班牙,0
101,西撒哈拉,0
101,西歐地區,240242
101,西薩摩亞,7
101,克羅埃西亞,0
101,利比亞,0
101,宏都拉斯,577
101,希臘,0
101,沙烏地阿拉伯,15
101,汶萊,1100
101,貝里斯,4
101,貝南,0
101,赤道幾內亞,0
101,辛巴威,0
101,亞洲地區,9367597
101,亞美尼亞,0
101,亞塞拜然,0
101,其他地區,3397
101,坦桑尼亞,0
101,奈及利亞,0
101,委內瑞拉,78
101,孟加拉,1
101,尚比亞,0
101,帛琉,37512
101,拉脫維亞,0
101,東加,0
101,東北亞地區,7780347
101,東南亞地區,1578952
101,東德,0
101,東歐地區,518
101,波士尼亞,0
101,波札那,0
101,波多黎各,0
101,波蘭,97
101,法國,30132
101,肯亞,0
101,芬蘭,2
101,阿拉伯聯合大公國,5
101,阿根廷,0
101,阿曼,0
101,阿富汗(觀光),121
101,阿爾及利亞,0
101,阿爾巴尼亞,3
101,非洲地區,1826
101,非洲其他地區,0
101,保加利亞,0
101,俄羅斯,49
101,南亞地區,7418
101,南亞其他地區,43
101,南非,6
101,南非地區,1826
101,南美洲地區,79
101,南美洲其他地區,0
101,南斯拉夫,0
101,南葉門,0
101,哈薩克,0
101,東帝汶,50
101,柬埔寨,65599
101,查德,0
101,玻利維亞,0
101,科威特,23
101,突尼西亞,0
101,約旦,0
101,美洲地區,537014
101,美國,469568
101,茅利塔尼亞,0
101,英國,38002
101,迦納,0
101,香港,2021212
101,剛果共和國,0
101,哥倫比亞,0
101,哥斯達黎加,0
101,埃及,0
101,挪威,0
101,格瑞那達,0
101,泰國,306746
101,海地,0
101,烏干達,0
101,烏克蘭,0
101,烏拉圭,0
101,烏茲別克,0
101,留尼旺,1
101,秘魯,1
101,索馬利亞,0
101,索羅門群島,11
101,紐西蘭,1621
101,馬利,0
101,馬來西亞,193170
101,馬其頓,0
101,馬拉加西,0
101,馬拉威,0
101,馬紹爾,1
101,馬爾他,0
101,馬爾地夫,0
101,密克羅尼西亞,0
101,捷克,2
101,教廷,0
101,敘利亞,121
101,莫三鼻克,0
101,荷蘭,83253
101,喀麥隆,0
101,喬治亞,0
101,幾內亞,0
101,幾內亞比索,0
101,斯里蘭卡,233
101,斯洛凡尼亞,0
101,斯洛伐克,0
101,智利,0
101,菲律賓,211385
101,象牙海岸,0
101,越南,341511
101,塞內加爾,0
101,塞席爾,0
101,塔吉克,0
101,奧地利,39734
101,愛沙尼亞,0
101,愛爾蘭,0
101,新加坡,241893
101,獅子山,0
101,瑞士,64
101,瑞典,0
101,萬那杜,4
101,義大利,12718
101,聖文森,0
101,聖多美及普林西比,0
101,聖克里斯多福,6
101,聖馬利諾,0
101,聖露西亞,0
101,葉門,17
101,葛摩,218
101,葡萄牙,0
101,維德角島,0
101,蒙古,1
101,蒲隆地,0
101,蓋亞納,0
101,裴濟,24
101,寮國,225
101,德國,36271
101,摩洛哥,0
101,摩納哥,0
101,摩爾多瓦,0
101,模里西斯,0
101,歐洲地區,240760
101,緬甸,18380
101,黎巴嫩,360
101,墨西哥,0
101,澳門,527050
101,澳洲,49986
101,獨立國協,0
101,盧安達,0
101,盧森堡,10
101,諾魯,0
101,賴比瑞亞,10
101,賴索托,0
101,聯合國,0
101,賽普勒斯,4
101,韓國,532729
101,薩伊,0
101,薩爾瓦多,0
101,羅馬尼亞,416
101,蘇丹,0
101,蘇利南,0
101,蘇聯(觀光),0
102,三托,0
102,千里達及托貝哥,0
102,土耳其,0
102,土庫曼,0
102,大洋洲地區,97120
102,大洋洲其他地區,0
102,大溪地,0
102,不丹,26
102,中東,100221
102,中東其他地區,0
102,中非共和國,0
102,中美洲地區,121
102,中國大陸,3072327
102,中華民國,0
102,丹麥,0
102,厄瓜多爾,0
102,巴布亞新幾內亞,1
102,巴西,0
102,巴貝多,0
102,巴拉圭,0
102,巴林,0
102,巴哈馬,0
102,巴拿馬,85
102,巴基斯坦,0
102,日本,2346007
102,比利時,0
102,牙買加,0
102,以色列,100162
102,加拿大,65086
102,加彭,0
102,北非地區,0
102,北美洲地區,376042
102,北韓,0
102,卡達,17
102,古巴,0
102,史瓦濟蘭,0
102,尼日,0
102,尼加拉瓜,0
102,尼泊爾,0
102,布吉納法索,0
102,瓜地馬拉,0
102,甘比亞,0
102,白俄羅斯,0
102,立陶宛,0
102,伊拉克,1
102,伊朗,0
102,冰島,0
102,列支敦斯登,0
102,匈牙利,0
102,印尼,166378
102,印度,20655
102,吉布地,0
102,吉里巴斯,0
102,吉爾吉斯,0
102,吐瓦魯,0
102,多明尼加,0
102,多哥,0
102,安哥拉,0
102,安道爾,0
102,百慕達,0
102,衣索匹亞,0
102,西班牙,0
102,西撒哈拉,0
102,西歐地區,119800
102,西薩摩亞,0
102,克羅埃西亞,0
102,利比亞,0
102,宏都拉斯,0
102,希臘,0
102,沙烏地阿拉伯,11
102,汶萊,2411
102,貝里斯,20
102,貝南,0
102,赤道幾內亞,0
102,辛巴威,0
102,亞洲地區,10388937
102,亞美尼亞,0
102,亞塞拜然,0
102,其他地區,442
102,坦桑尼亞,11
102,奈及利亞,0
102,委內瑞拉,0
102,孟加拉,0
102,尚比亞,0
102,帛琉,27164
102,拉脫維亞,0
102,東加,0
102,東北亞地區,8490295
102,東南亞地區,1777721
102,東德,0
102,東歐地區,0
102,波士尼亞,0
102,波札那,0
102,波多黎各,0
102,波蘭,0
102,法國,33000
102,法屬玻里尼西亞,0
102,肯亞,0
102,芬蘭,0
102,阿拉伯聯合大公國,14
102,阿根廷,2
102,阿曼,0
102,阿富汗(觀光),0
102,阿爾及利亞,0
102,阿爾巴尼亞,0
102,非洲地區,14
102,非洲其他地區,0
102,保加利亞,0
102,俄羅斯,17
102,南亞地區,20700
102,南亞其他地區,0
102,南非,2
102,南非地區,14
102,南美洲地區,14
102,南美洲其他地區,0
102,南斯拉夫,0
102,南葉門,0
102,哈薩克,0
102,東帝汶,0
102,柬埔寨,61338
102,查德,0
102,玻利維亞,0
102,科威特,3
102,突尼西亞,0
102,約旦,0
102,美洲地區,446595
102,美國,381374
102,茅利塔尼亞,0
102,英國,1
102,迦納,0
102,香港,2038732
102,剛果共和國,0
102,哥倫比亞,0
102,哥斯達黎加,0
102,埃及,0
102,挪威,0
102,格瑞那達,0
102,泰國,507616
102,海地,0
102,烏干達,0
102,烏克蘭,0
102,烏拉圭,2
102,烏茲別克,0
102,留尼旺,0
102,秘魯,10
102,索馬利亞,0
102,索羅門群島,2
102,紐西蘭,6
102,馬利,0
102,馬來西亞,226919
102,馬其頓,0
102,馬拉加西,0
102,馬拉威,0
102,馬紹爾,14
102,馬爾他,0
102,馬爾地夫,8
102,密克羅尼西亞,3
102,捷克,0
102,教廷,0
102,敘利亞,0
102,莫三鼻克,0
102,荷蘭,22102
102,喀麥隆,0
102,喬治亞,0
102,幾內亞,0
102,幾內亞比索,0
102,斯里蘭卡,4
102,斯洛凡尼亞,0
102,斯洛伐克,0
102,智利,0
102,菲律賓,129361
102,象牙海岸,0
102,越南,361957
102,塞內加爾,0
102,塞席爾,7
102,塔吉克,0
102,奧地利,23487
102,愛沙尼亞,0
102,愛爾蘭,0
102,新加坡,297588
102,獅子山,0
102,瑞士,0
102,瑞典,0
102,萬那杜,62
102,義大利,70
102,聖文森,0
102,聖多美及普林西比,0
102,聖克里斯多福,0
102,聖馬利諾,0
102,聖露西亞,0
102,葉門,0
102,葛摩,0
102,葡萄牙,0
102,維德角島,0
102,蒙古,0
102,蒲隆地,0
102,蓋亞納,0
102,裴濟,44
102,寮國,289
102,德國,41122
102,摩洛哥,0
102,摩納哥,0
102,摩爾多瓦,0
102,模里西斯,0
102,歐洲地區,119800
102,緬甸,23864
102,黎巴嫩,0
102,墨西哥,16
102,澳門,514701
102,澳洲,69824
102,獨立國協,0
102,盧安達,0
102,盧森堡,1
102,諾魯,0
102,賴比瑞亞,1
102,賴索托,0
102,聯合國,0
102,賽普勒斯,13
102,韓國,518528
102,薩伊,0
102,薩爾瓦多,0
102,羅馬尼亞,0
102,蘇丹,0
102,蘇利南,0
102,蘇聯(觀光),0
103,三托,0
103,千里達及托貝哥,0
103,土耳其,0
103,土庫曼,0
103,大洋洲地區,116342
103,大洋洲其他地區,0
103,大溪地,0
103,不丹,2
103,中東,62269
103,中東其他地區,0
103,中非共和國,0
103,中美洲地區,50
103,中國大陸,3267238
103,中華民國,0
103,丹麥,0
103,厄瓜多爾,0
103,巴布亞新幾內亞,2
103,巴西,5
103,巴貝多,0
103,巴拉圭,0
103,巴林,0
103,巴哈馬,0
103,巴拿馬,30
103,巴基斯坦,0
103,日本,2971846
103,比利時,0
103,牙買加,0
103,以色列,5
103,加拿大,70285
103,加彭,0
103,北非地區,5
103,北美洲地區,495423
103,北韓,0
103,卡達,13
103,古巴,0
103,史瓦濟蘭,0
103,尼日,0
103,尼加拉瓜,0
103,尼泊爾,0
103,布吉納法索,0
103,瓜地馬拉,0
103,甘比亞,0
103,白俄羅斯,0
103,立陶宛,0
103,伊拉克,1
103,伊朗,1
103,冰島,0
103,列支敦斯登,0
103,匈牙利,0
103,印尼,170301
103,印度,18873
103,吉布地,0
103,吉里巴斯,0
103,吉爾吉斯,0
103,吐瓦魯,6
103,多明尼加,1
103,多哥,0
103,安哥拉,0
103,安道爾,0
103,百慕達,0
103,衣索匹亞,0
103,西班牙,3
103,西撒哈拉,0
103,西歐地區,133662
103,西薩摩亞,0
103,克羅埃西亞,0
103,利比亞,0
103,宏都拉斯,0
103,希臘,0
103,沙烏地阿拉伯,8
103,汶萊,298
103,貝里斯,10
103,貝南,0
103,赤道幾內亞,0
103,辛巴威,0
103,亞洲地區,11095664
103,亞美尼亞,0
103,亞塞拜然,0
103,其他地區,3460
103,坦桑尼亞,0
103,奈及利亞,0
103,委內瑞拉,0
103,孟加拉,0
103,尚比亞,0
103,帛琉,30471
103,拉脫維亞,0
103,東加,0
103,東北亞地區,9377096
103,東南亞地區,1637413
103,東德,0
103,東歐地區,15
103,波士尼亞,0
103,波札那,0
103,波多黎各,0
103,波蘭,0
103,法國,39126
103,肯亞,0
103,芬蘭,17
103,阿拉伯聯合大公國,61274
103,阿根廷,0
103,阿曼,0
103,阿富汗(觀光),4
103,阿爾及利亞,5
103,阿爾巴尼亞,0
103,非洲地區,13
103,非洲其他地區,0
103,保加利亞,0
103,俄羅斯,1252
103,南亞地區,18886
103,南亞其他地區,0
103,南非,8
103,南非地區,8
103,南美洲地區,6
103,南美洲其他地區,0
103,南斯拉夫,0
103,南葉門,0
103,哈薩克,0
103,東帝汶,0
103,柬埔寨,69195
103,查德,0
103,玻利維亞,0
103,科威特,10
103,突尼西亞,0
103,約旦,0
103,美洲地區,495479
103,美國,425138
103,茅利塔尼亞,0
103,英國,0
103,迦納,0
103,香港,2018129
103,剛果共和國,0
103,哥倫比亞,0
103,哥斯達黎加,0
103,埃及,0
103,挪威,2
103,格瑞那達,0
103,泰國,419133
103,海地,0
103,烏干達,0
103,烏克蘭,0
103,烏拉圭,1
103,烏茲別克,0
103,留尼旺,0
103,秘魯,0
103,索馬利亞,0
103,索羅門群島,0
103,紐西蘭,0
103,馬利,0
103,馬來西亞,198902
103,馬其頓,0
103,馬拉加西,0
103,馬拉威,0
103,馬紹爾,19
103,馬爾他,0
103,馬爾地夫,5
103,密克羅尼西亞,0
103,捷克,15
103,教廷,0
103,敘利亞,0
103,莫三鼻克,0
103,荷蘭,22749
103,喀麥隆,0
103,喬治亞,0
103,幾內亞,0
103,幾內亞比索,0
103,斯里蘭卡,0
103,斯洛凡尼亞,3
103,斯洛伐克,0
103,智利,0
103,菲律賓,133583
103,象牙海岸,0
103,越南,339107
103,塞內加爾,0
103,塞席爾,0
103,塔吉克,0
103,奧地利,26256
103,愛沙尼亞,0
103,愛爾蘭,0
103,新加坡,283925
103,獅子山,0
103,瑞士,0
103,瑞典,0
103,萬那杜,70
103,義大利,0
103,聖文森,0
103,聖多美及普林西比,0
103,聖克里斯多福,0
103,聖馬利諾,0
103,聖露西亞,0
103,葉門,0
103,葛摩,0
103,葡萄牙,0
103,維德角島,0
103,蒙古,1
103,蒲隆地,0
103,蓋亞納,0
103,裴濟,35
103,寮國,152
103,德國,44251
103,摩洛哥,0
103,摩納哥,0
103,摩爾多瓦,0
103,模里西斯,0
103,歐洲地區,133677
103,緬甸,22817
103,黎巴嫩,0
103,墨西哥,9
103,澳門,493188
103,澳洲,85745
103,獨立國協,0
103,盧安達,0
103,盧森堡,3
103,諾魯,0
103,賴比瑞亞,0
103,賴索托,0
103,聯合國,0
103,賽普勒斯,953
103,韓國,626694
103,薩伊,0
103,薩爾瓦多,0
103,羅馬尼亞,0
103,蘇丹,0
103,蘇利南,0
103,蘇聯(觀光),0
104,三托,0
104,千里達及托貝哥,0
104,土耳其,47083
104,土庫曼,0
104,大洋洲地區,118390
104,大洋洲其他地區,0
104,大溪地,0
104,不丹,29
104,中東,123664
104,中東其他地區,0
104,中非共和國,0
104,中美洲地區,14
104,中國大陸,3403920
104,中華民國,
104,丹麥,0
104,厄瓜多爾,0
104,巴布亞新幾內亞,4
104,巴西,14
104,巴貝多,4
104,巴拉圭,0
104,巴林,0
104,巴哈馬,3
104,巴拿馬,0
104,巴基斯坦,0
104,日本,3797879
104,比利時,1
104,牙買加,0
104,以色列,178
104,加拿大,71079
104,加彭,0
104,北非地區,2
104,北美洲地區,548235
104,北韓,0
104,卡達,32
104,古巴,0
104,史瓦濟蘭,0
104,尼日,0
104,尼加拉瓜,0
104,尼泊爾,0
104,布吉納法索,0
104,瓜地馬拉,0
104,甘比亞,0
104,白俄羅斯,0
104,立陶宛,0
104,伊拉克,0
104,伊朗,0
104,冰島,0
104,列支敦斯登,0
104,匈牙利,0
104,印尼,176478
104,印度,20066
104,吉布地,0
104,吉里巴斯,4
104,吉爾吉斯,0
104,吐瓦魯,0
104,多明尼加,0
104,多哥,0
104,安哥拉,0
104,安道爾,0
104,百慕達,0
104,衣索匹亞,0
104,西班牙,6
104,西撒哈拉,0
104,西歐地區,161529
104,西薩摩亞,9
104,克羅埃西亞,0
104,利比亞,0
104,宏都拉斯,0
104,希臘,0
104,沙烏地阿拉伯,10
104,汶萊,285
104,貝里斯,0
104,貝南,0
104,赤道幾內亞,0
104,辛巴威,0
104,亞洲地區,12353288
104,亞美尼亞,0
104,亞塞拜然,0
104,其他地區,1472
104,坦桑尼亞,5
104,奈及利亞,0
104,委內瑞拉,0
104,孟加拉,0
104,尚比亞,0
104,帛琉,14421
104,拉脫維亞,0
104,東加,0
104,東北亞地區,10237196
104,東南亞地區,1972275
104,東德,0
104,東歐地區,0
104,波士尼亞,0
104,波札那,0
104,波多黎各,0
104,波蘭,0
104,法國,41185
104,肯亞,0
104,芬蘭,15
104,阿拉伯聯合大公國,76360
104,阿根廷,0
104,阿曼,0
104,阿富汗(觀光),0
104,阿爾及利亞,2
104,阿爾巴尼亞,0
104,非洲地區,30
104,非洲其他地區,0
104,保加利亞,0
104,俄羅斯,3522
104,南亞地區,20153
104,南亞其他地區,0
104,南非,16
104,南非地區,28
104,南美洲地區,18
104,南美洲其他地區,0
104,南斯拉夫,0
104,南葉門,0
104,哈薩克,2
104,東帝汶,0
104,柬埔寨,66593
104,查德,0
104,玻利維亞,0
104,科威特,1
104,突尼西亞,0
104,約旦,0
104,美洲地區,548267
104,美國,477156
104,茅利塔尼亞,0
104,英國,0
104,迦納,0
104,香港,2008153
104,剛果共和國,0
104,哥倫比亞,0
104,哥斯達黎加,0
104,埃及,0
104,挪威,0
104,格瑞那達,0
104,泰國,599523
104,海地,0
104,烏干達,0
104,烏克蘭,0
104,烏拉圭,4
104,烏茲別克,0
104,留尼旺,0
104,秘魯,0
104,索馬利亞,0
104,索羅門群島,0
104,紐西蘭,3
104,馬利,0
104,馬來西亞,201631
104,馬其頓,0
104,馬拉加西,0
104,馬拉威,0
104,馬紹爾,17
104,馬爾他,0
104,馬爾地夫,8
104,密克羅尼西亞,0
104,捷克,0
104,教廷,0
104,敘利亞,0
104,莫三鼻克,0
104,荷蘭,30906
104,喀麥隆,0
104,喬治亞,0
104,幾內亞,0
104,幾內亞比索,0
104,斯里蘭卡,17
104,斯洛凡尼亞,0
104,斯洛伐克,0
104,智利,0
104,菲律賓,180091
104,象牙海岸,0
104,越南,409013
104,塞內加爾,0
104,塞席爾,29
104,塔吉克,0
104,奧地利,32835
104,愛沙尼亞,0
104,愛爾蘭,0
104,新加坡,318516
104,獅子山,0
104,瑞士,0
104,瑞典,0
104,萬那杜,93
104,義大利,14
104,聖文森,0
104,聖多美及普林西比,0
104,聖克里斯多福,0
104,聖馬利諾,0
104,聖露西亞,0
104,葉門,0
104,葛摩,0
104,葡萄牙,0
104,維德角島,0
104,蒙古,0
104,蒲隆地,0
104,蓋亞納,0
104,裴濟,37
104,寮國,146
104,德國,53043
104,摩洛哥,0
104,摩納哥,0
104,摩爾多瓦,0
104,模里西斯,7
104,歐洲地區,161529
104,緬甸,19999
104,黎巴嫩,0
104,墨西哥,7
104,澳門,527144
104,澳洲,103806
104,獨立國協,0
104,盧安達,0
104,盧森堡,0
104,諾魯,0
104,賴比瑞亞,0
104,賴索托,0
104,聯合國,0
104,賽普勒斯,0
104,韓國,500100
104,薩伊,0
104,薩爾瓦多,0
104,羅馬尼亞,0
104,蘇丹,0
104,蘇利南,0
104,蘇聯(觀光),0
